-- phpMyAdmin SQL Dump
-- version 5.2.1
-- https://www.phpmyadmin.net/
--
-- Host: localhost:3306
-- Generation Time: May 13, 2024 at 11:51 PM
-- Server version: 8.0.36-cll-lve
-- PHP Version: 8.1.28

SET SQL_MODE = "NO_AUTO_VALUE_ON_ZERO";
START TRANSACTION;
SET time_zone = "+00:00";


/*!40101 SET @OLD_CHARACTER_SET_CLIENT=@@CHARACTER_SET_CLIENT */;
/*!40101 SET @OLD_CHARACTER_SET_RESULTS=@@CHARACTER_SET_RESULTS */;
/*!40101 SET @OLD_COLLATION_CONNECTION=@@COLLATION_CONNECTION */;
/*!40101 SET NAMES utf8mb4 */;

--
-- Database: `usia652_sd2sijeruk`
--

-- --------------------------------------------------------

--
-- Table structure for table `admin`
--

CREATE TABLE `admin` (
  `id` int NOT NULL,
  `nama_admin` varchar(25) NOT NULL,
  `jenis_kelamin` enum('L','P') NOT NULL,
  `alamat` varchar(255) NOT NULL,
  `kontak` varchar(15) NOT NULL,
  `id_agama` int NOT NULL,
  `pendidikan` varchar(10) NOT NULL,
  `jabatan` varchar(10) NOT NULL,
  `username` varchar(20) NOT NULL,
  `password` varchar(20) NOT NULL,
  `created_at` timestamp NOT NULL DEFAULT CURRENT_TIMESTAMP,
  `updated_at` timestamp NOT NULL DEFAULT CURRENT_TIMESTAMP
) ENGINE=InnoDB DEFAULT CHARSET=utf8mb4 COLLATE=utf8mb4_0900_ai_ci;

-- --------------------------------------------------------

--
-- Table structure for table `agama`
--

CREATE TABLE `agama` (
  `id` bigint UNSIGNED NOT NULL,
  `agama` varchar(15) CHARACTER SET utf8mb4 COLLATE utf8mb4_unicode_ci NOT NULL,
  `created_at` timestamp NULL DEFAULT NULL,
  `updated_at` timestamp NULL DEFAULT NULL
) ENGINE=InnoDB DEFAULT CHARSET=utf8mb4 COLLATE=utf8mb4_unicode_ci;

--
-- Dumping data for table `agama`
--

INSERT INTO `agama` (`id`, `agama`, `created_at`, `updated_at`) VALUES
(1, 'Islam', '2023-12-29 13:35:39', '2023-12-29 13:35:39'),
(2, 'Kristen', '2023-12-29 13:35:39', '2023-12-29 13:35:39'),
(3, 'Katholik', '2023-12-29 13:35:39', '2023-12-29 13:35:39'),
(4, 'Hindu', '2023-12-29 13:35:39', '2023-12-29 13:35:39'),
(5, 'Buddha', '2023-12-29 13:35:39', '2023-12-29 13:35:39'),
(6, 'Konghucu', '2023-12-29 13:35:39', '2023-12-29 13:35:39');

-- --------------------------------------------------------

--
-- Table structure for table `failed_jobs`
--

CREATE TABLE `failed_jobs` (
  `id` bigint UNSIGNED NOT NULL,
  `uuid` varchar(255) CHARACTER SET utf8mb4 COLLATE utf8mb4_unicode_ci NOT NULL,
  `connection` text CHARACTER SET utf8mb4 COLLATE utf8mb4_unicode_ci NOT NULL,
  `queue` text CHARACTER SET utf8mb4 COLLATE utf8mb4_unicode_ci NOT NULL,
  `payload` longtext CHARACTER SET utf8mb4 COLLATE utf8mb4_unicode_ci NOT NULL,
  `exception` longtext CHARACTER SET utf8mb4 COLLATE utf8mb4_unicode_ci NOT NULL,
  `failed_at` timestamp NOT NULL DEFAULT CURRENT_TIMESTAMP
) ENGINE=InnoDB DEFAULT CHARSET=utf8mb4 COLLATE=utf8mb4_unicode_ci;

-- --------------------------------------------------------

--
-- Table structure for table `guru`
--

CREATE TABLE `guru` (
  `id` bigint UNSIGNED NOT NULL,
  `nip` char(50) CHARACTER SET utf8mb4 COLLATE utf8mb4_unicode_ci DEFAULT NULL,
  `nama_guru` varchar(255) CHARACTER SET utf8mb4 COLLATE utf8mb4_unicode_ci NOT NULL,
  `jenis_kelamin` enum('L','P') CHARACTER SET utf8mb4 COLLATE utf8mb4_unicode_ci NOT NULL,
  `pengampu` bigint UNSIGNED DEFAULT NULL,
  `id_mapel` bigint UNSIGNED DEFAULT NULL,
  `id_kelas` varchar(100) CHARACTER SET utf8mb4 COLLATE utf8mb4_unicode_ci DEFAULT NULL,
  `alamat` varchar(255) CHARACTER SET utf8mb4 COLLATE utf8mb4_unicode_ci DEFAULT NULL,
  `kontak` varchar(25) CHARACTER SET utf8mb4 COLLATE utf8mb4_unicode_ci DEFAULT NULL,
  `id_agama` bigint UNSIGNED DEFAULT NULL,
  `jenis_guru` enum('Guru Kelas','Kepala Sekolah','Guru Mata Pelajaran','') CHARACTER SET utf8mb4 COLLATE utf8mb4_unicode_ci DEFAULT NULL,
  `jabatan` varchar(255) CHARACTER SET utf8mb4 COLLATE utf8mb4_unicode_ci DEFAULT NULL,
  `user_id` bigint UNSIGNED DEFAULT NULL,
  `foto` varchar(45) CHARACTER SET utf8mb4 COLLATE utf8mb4_unicode_ci DEFAULT NULL,
  `status` tinyint NOT NULL DEFAULT '0',
  `tahun_pemberhentian` varchar(45) COLLATE utf8mb4_unicode_ci DEFAULT NULL,
  `created_at` timestamp NULL DEFAULT NULL,
  `updated_at` timestamp NULL DEFAULT NULL
) ENGINE=InnoDB DEFAULT CHARSET=utf8mb4 COLLATE=utf8mb4_unicode_ci;

--
-- Dumping data for table `guru`
--

INSERT INTO `guru` (`id`, `nip`, `nama_guru`, `jenis_kelamin`, `pengampu`, `id_mapel`, `id_kelas`, `alamat`, `kontak`, `id_agama`, `jenis_guru`, `jabatan`, `user_id`, `foto`, `status`, `tahun_pemberhentian`, `created_at`, `updated_at`) VALUES
(159, '72649273856268376', 'Muhammad Sumbul. S.Pd.', 'L', NULL, NULL, '[2]', 'Jl, Kenanga 07', NULL, NULL, 'Guru Kelas', 'Penata Tk. I, III / d', 751, '', 0, 'Genap-2024-2025', '2024-04-30 06:37:28', '2024-05-05 17:23:41'),
(160, '73592659264927476', 'Eva Angelina. S.Pd. SD', 'P', NULL, NULL, '[4]', 'Jl. KitaBersama 09', NULL, NULL, 'Guru Kelas', 'Penata Tk. I, III / d', 752, '', 0, 'Genap-2024-2025', '2024-04-30 06:39:05', '2024-05-05 19:09:43'),
(161, '827492648552946386', 'Pratama Arhan. S.Pd', 'L', NULL, NULL, '[1]', 'Jalan Yang Jauh Jangan Lupa Pulang', NULL, NULL, 'Guru Kelas', 'Penata, III / c', 753, '', 0, 'Genap-2024-2025', '2024-04-30 06:40:12', '2024-05-05 17:22:12'),
(162, '37503749269472645', 'Jasmine. S.Pd', 'P', NULL, NULL, '[5]', 'Jalan Buntu 01', NULL, NULL, 'Guru Kelas', 'Ahli Pertama / IX', 754, '', 0, 'Genap-2024-2025', '2024-04-30 06:41:07', '2024-05-05 19:10:06'),
(163, '73648274638247275', 'Ernando Ari. S.Pd', 'L', NULL, 5, '[1,2,3,4,5,6]', 'Jalan Kebenaran', NULL, NULL, 'Guru Mata Pelajaran', 'Ahli Pertama / IX', 755, '', 0, 'Genap-2024-2025', '2024-04-30 06:42:19', '2024-05-05 17:22:36'),
(164, '739572649364957258', 'Cinta Kasih', 'P', NULL, NULL, '[3]', 'Jl. Menuju Surga', NULL, NULL, 'Guru Kelas', NULL, 756, '', 0, NULL, '2024-04-30 06:44:03', '2024-04-30 06:44:03'),
(165, '847254926592648258', 'Rizky Ridho. S.Pd', 'L', NULL, 6, '[1,2,3,4,5,6]', 'Jalan Desa Penari', NULL, NULL, 'Guru Mata Pelajaran', NULL, 757, 'foto-847254926592648258.png', 0, 'Genap-2024-2025', '2024-04-30 06:45:49', '2024-05-05 17:47:59'),
(166, '635582648254947176', 'Asnawi Mangkualam', 'L', NULL, NULL, '[6]', 'Jalan Menuju Surga 10', NULL, NULL, 'Guru Kelas', 'Ahli Pertama / IX', 758, 'foto-635582648254947176.png', 0, NULL, '2024-04-30 06:47:41', '2024-05-05 19:10:54'),
(168, '1232442323', 'Testing', 'L', NULL, 8, '[1,2,3,4,5,6]', NULL, NULL, NULL, 'Guru Mata Pelajaran', 'Fullstack Web Developer', 761, '', 0, 'Genap-2024-2025', '2024-05-01 08:28:08', '2024-05-05 19:01:25'),
(170, '23454375464223', 'birjon', 'L', NULL, NULL, '[]', NULL, NULL, NULL, 'Guru Mata Pelajaran', 'PNS', 768, '', 1, 'Genap-2024-2025', '2024-05-03 00:06:51', '2024-05-05 19:12:29'),
(172, '1234567890', 'Coba1', 'L', NULL, NULL, '[]', 'pekalongan', '123456', NULL, NULL, '3A', 770, '', 1, 'Genap-2024-2025', '2024-05-03 01:57:13', '2024-05-05 17:47:59');

-- --------------------------------------------------------

--
-- Table structure for table `guru_promotions`
--

CREATE TABLE `guru_promotions` (
  `id` bigint NOT NULL,
  `id_guru` bigint UNSIGNED NOT NULL,
  `status` varchar(20) NOT NULL,
  `tahun_pemberhentian` varchar(45) CHARACTER SET utf8mb4 COLLATE utf8mb4_0900_ai_ci DEFAULT NULL,
  `created_at` timestamp NULL DEFAULT NULL,
  `updated_at` timestamp NULL DEFAULT NULL
) ENGINE=InnoDB DEFAULT CHARSET=utf8mb4 COLLATE=utf8mb4_0900_ai_ci;

--
-- Dumping data for table `guru_promotions`
--

INSERT INTO `guru_promotions` (`id`, `id_guru`, `status`, `tahun_pemberhentian`, `created_at`, `updated_at`) VALUES
(139, 166, 'B', 'Genap-2024-2025', '2024-05-05 17:47:58', '2024-05-05 17:47:58'),
(140, 164, 'B', 'Genap-2024-2025', '2024-05-05 17:47:59', '2024-05-05 17:47:59'),
(141, 172, 'DB', 'Genap-2024-2025', '2024-05-05 17:47:59', '2024-05-05 17:47:59'),
(142, 163, 'B', 'Genap-2024-2025', '2024-05-05 17:47:59', '2024-05-05 17:47:59'),
(143, 160, 'B', 'Genap-2024-2025', '2024-05-05 17:47:59', '2024-05-05 17:47:59'),
(144, 162, 'B', 'Genap-2024-2025', '2024-05-05 17:47:59', '2024-05-05 17:47:59'),
(145, 159, 'B', 'Genap-2024-2025', '2024-05-05 17:47:59', '2024-05-05 17:47:59'),
(146, 161, 'B', 'Genap-2024-2025', '2024-05-05 17:47:59', '2024-05-05 17:47:59'),
(148, 165, 'B', 'Genap-2024-2025', '2024-05-05 17:47:59', '2024-05-05 17:47:59'),
(149, 168, 'B', 'Genap-2024-2025', '2024-05-05 17:47:59', '2024-05-05 17:47:59'),
(150, 170, 'B', 'Genap-2024-2025', '2024-05-05 17:47:59', '2024-05-05 17:47:59'),
(152, 166, 'B', 'Genap-2024-2025', '2024-05-05 19:12:29', '2024-05-05 19:12:29'),
(153, 164, 'B', 'Genap-2024-2025', '2024-05-05 19:12:29', '2024-05-05 19:12:29'),
(154, 163, 'B', 'Genap-2024-2025', '2024-05-05 19:12:29', '2024-05-05 19:12:29'),
(155, 160, 'B', 'Genap-2024-2025', '2024-05-05 19:12:29', '2024-05-05 19:12:29'),
(156, 162, 'B', 'Genap-2024-2025', '2024-05-05 19:12:29', '2024-05-05 19:12:29'),
(157, 159, 'B', 'Genap-2024-2025', '2024-05-05 19:12:29', '2024-05-05 19:12:29'),
(158, 161, 'B', 'Genap-2024-2025', '2024-05-05 19:12:29', '2024-05-05 19:12:29'),
(160, 165, 'B', 'Genap-2024-2025', '2024-05-05 19:12:29', '2024-05-05 19:12:29'),
(161, 168, 'B', 'Genap-2024-2025', '2024-05-05 19:12:29', '2024-05-05 19:12:29'),
(162, 170, 'DB', 'Genap-2024-2025', '2024-05-05 19:12:29', '2024-05-05 19:12:29');

-- --------------------------------------------------------

--
-- Table structure for table `jadwal_pelajaran`
--

CREATE TABLE `jadwal_pelajaran` (
  `id` bigint UNSIGNED NOT NULL,
  `id_kelas` bigint UNSIGNED NOT NULL,
  `id_mata_pelajaran` bigint UNSIGNED NOT NULL,
  `id_guru` bigint UNSIGNED NOT NULL,
  `hari` enum('Senin','Selasa','Rabu','Kamis','Jumat','Sabtu') CHARACTER SET utf8mb4 COLLATE utf8mb4_unicode_ci NOT NULL,
  `waktu` time NOT NULL,
  `created_at` timestamp NULL DEFAULT NULL,
  `updated_at` timestamp NULL DEFAULT NULL
) ENGINE=InnoDB DEFAULT CHARSET=utf8mb4 COLLATE=utf8mb4_unicode_ci;

--
-- Dumping data for table `jadwal_pelajaran`
--

INSERT INTO `jadwal_pelajaran` (`id`, `id_kelas`, `id_mata_pelajaran`, `id_guru`, `hari`, `waktu`, `created_at`, `updated_at`) VALUES
(21, 1, 1, 161, 'Senin', '08:45:00', '2024-05-01 00:45:47', NULL),
(22, 2, 5, 165, 'Selasa', '07:00:00', '2024-05-01 00:46:37', NULL),
(23, 3, 6, 159, 'Rabu', '09:15:00', '2024-05-01 00:47:17', NULL),
(24, 4, 2, 166, 'Kamis', '10:45:00', '2024-05-01 00:47:54', NULL),
(25, 5, 8, 162, 'Senin', '07:15:00', '2024-05-01 00:48:36', NULL),
(26, 6, 2, 163, 'Rabu', '08:00:00', '2024-05-01 00:49:24', NULL),
(27, 3, 7, 162, 'Jumat', '08:04:00', '2024-05-01 03:05:03', NULL);

-- --------------------------------------------------------

--
-- Table structure for table `kelas`
--

CREATE TABLE `kelas` (
  `id` bigint UNSIGNED NOT NULL,
  `tingkat_kelas` varchar(255) CHARACTER SET utf8mb4 COLLATE utf8mb4_unicode_ci NOT NULL,
  `created_at` timestamp NULL DEFAULT NULL,
  `updated_at` timestamp NULL DEFAULT NULL
) ENGINE=InnoDB DEFAULT CHARSET=utf8mb4 COLLATE=utf8mb4_unicode_ci;

--
-- Dumping data for table `kelas`
--

INSERT INTO `kelas` (`id`, `tingkat_kelas`, `created_at`, `updated_at`) VALUES
(1, 'Kelas 1', '2023-12-29 13:35:32', '2023-12-29 13:35:32'),
(2, 'Kelas 2', '2023-12-29 13:35:32', '2023-12-29 13:35:32'),
(3, 'Kelas 3', '2023-12-29 13:35:32', '2023-12-29 13:35:32'),
(4, 'Kelas 4', '2023-12-29 13:35:32', '2023-12-29 13:35:32'),
(5, 'Kelas 5', '2023-12-29 13:35:32', '2023-12-29 13:35:32'),
(6, 'Kelas 6', '2023-12-29 13:35:32', '2023-12-29 13:35:32');

-- --------------------------------------------------------

--
-- Table structure for table `mata_pelajaran`
--

CREATE TABLE `mata_pelajaran` (
  `id` bigint UNSIGNED NOT NULL,
  `nama_mapel` varchar(50) CHARACTER SET utf8mb4 COLLATE utf8mb4_unicode_ci NOT NULL,
  `created_at` timestamp NULL DEFAULT NULL,
  `updated_at` timestamp NULL DEFAULT NULL
) ENGINE=InnoDB DEFAULT CHARSET=utf8mb4 COLLATE=utf8mb4_unicode_ci;

--
-- Dumping data for table `mata_pelajaran`
--

INSERT INTO `mata_pelajaran` (`id`, `nama_mapel`, `created_at`, `updated_at`) VALUES
(1, 'Bahasa Indonesia', '2023-12-29 13:35:36', '2023-12-29 13:35:36'),
(2, 'IPA', '2023-12-29 13:35:36', '2023-12-29 13:35:36'),
(3, 'IPS', '2023-12-29 13:35:36', '2023-12-29 13:35:36'),
(4, 'Bahasa Jawa', '2023-12-29 13:35:36', '2023-12-29 13:35:36'),
(5, 'Olahraga', '2023-12-29 13:35:36', '2023-12-29 13:35:36'),
(6, 'Agama', '2023-12-29 13:35:36', '2023-12-29 13:35:36'),
(7, 'BTQ', '2023-12-29 13:35:36', '2023-12-29 13:35:36'),
(8, 'Matematika', '2023-12-29 13:35:36', '2023-12-29 13:35:36'),
(9, 'Seni Budaya dan Keterampilan', '2023-12-29 13:35:36', '2023-12-29 13:35:36');

-- --------------------------------------------------------

--
-- Table structure for table `migrations`
--

CREATE TABLE `migrations` (
  `id` int UNSIGNED NOT NULL,
  `migration` varchar(255) CHARACTER SET utf8mb4 COLLATE utf8mb4_unicode_ci NOT NULL,
  `batch` int NOT NULL
) ENGINE=InnoDB DEFAULT CHARSET=utf8mb4 COLLATE=utf8mb4_unicode_ci;

--
-- Dumping data for table `migrations`
--

INSERT INTO `migrations` (`id`, `migration`, `batch`) VALUES
(1, '2014_10_12_000000_create_users_table', 1),
(2, '2014_10_12_100000_create_password_reset_tokens_table', 1),
(3, '2019_08_19_000000_create_failed_jobs_table', 1),
(4, '2019_12_14_000001_create_personal_access_tokens_table', 1),
(5, '2023_12_27_141700_create_agama_table', 1),
(6, '2023_12_27_141701_create_matapelajaran_table', 1),
(7, '2023_12_27_141702_create_kelas_table', 1),
(8, '2023_12_27_141703_create_guru_table', 1),
(9, '2023_12_27_141704_create_siswa_table', 1),
(10, '2023_12_27_141705_create_nilai_table', 1),
(11, '2023_12_27_141706_create_presensi_table', 1),
(12, '2023_12_27_141707_create_jadwal_table', 1),
(13, '2014_10_12_100000_create_password_resets_table', 2);

-- --------------------------------------------------------

--
-- Table structure for table `nilai`
--

CREATE TABLE `nilai` (
  `id` bigint UNSIGNED NOT NULL,
  `id_kelas` bigint UNSIGNED DEFAULT NULL,
  `id_siswa` bigint UNSIGNED DEFAULT NULL,
  `id_mapel` bigint UNSIGNED DEFAULT NULL,
  `lm1` int DEFAULT NULL,
  `lm2` int DEFAULT NULL,
  `lm3` int DEFAULT NULL,
  `lm4` int DEFAULT NULL,
  `lm5` int DEFAULT NULL,
  `lm6` int DEFAULT NULL,
  `rata_rata_lm` int DEFAULT NULL,
  `tes` int DEFAULT NULL,
  `non_tes` int DEFAULT NULL,
  `rata_rata_sas` int DEFAULT NULL,
  `nilai_akhir` int DEFAULT NULL,
  `tahun_ajaran` varchar(25) CHARACTER SET utf8mb4 COLLATE utf8mb4_unicode_ci NOT NULL,
  `created_at` timestamp NULL DEFAULT NULL,
  `updated_at` timestamp NULL DEFAULT CURRENT_TIMESTAMP ON UPDATE CURRENT_TIMESTAMP
) ENGINE=InnoDB DEFAULT CHARSET=utf8mb4 COLLATE=utf8mb4_unicode_ci;

--
-- Dumping data for table `nilai`
--

INSERT INTO `nilai` (`id`, `id_kelas`, `id_siswa`, `id_mapel`, `lm1`, `lm2`, `lm3`, `lm4`, `lm5`, `lm6`, `rata_rata_lm`, `tes`, `non_tes`, `rata_rata_sas`, `nilai_akhir`, `tahun_ajaran`, `created_at`, `updated_at`) VALUES
(426, 1, NULL, 2, NULL, NULL, NULL, NULL, NULL, NULL, NULL, NULL, NULL, NULL, NULL, 'Genap-2024-2025', '2024-04-26 02:38:01', '2024-04-26 02:38:01'),
(427, 1, 10, 2, NULL, NULL, NULL, NULL, NULL, NULL, NULL, NULL, NULL, NULL, NULL, 'Genap-2024-2025', '2024-04-26 02:38:01', '2024-04-26 02:38:01'),
(588, 1, 495, 1, 99, 99, 99, 99, 99, 99, NULL, 99, 99, NULL, NULL, 'Genap-2024-2025', '2024-04-30 07:00:17', '2024-05-03 00:20:33'),
(589, 1, 501, 1, 88, 88, 88, 88, 88, 88, NULL, 88, 88, NULL, NULL, 'Genap-2024-2025', '2024-04-30 07:00:17', '2024-05-03 00:20:59'),
(590, 1, 507, 1, NULL, NULL, NULL, NULL, NULL, NULL, NULL, NULL, NULL, NULL, NULL, 'Genap-2024-2025', '2024-04-30 07:00:17', '2024-04-30 07:00:17'),
(591, 1, 513, 1, NULL, NULL, NULL, NULL, NULL, NULL, NULL, NULL, NULL, NULL, NULL, 'Genap-2024-2025', '2024-04-30 07:00:17', '2024-04-30 07:00:17'),
(592, 1, 519, 1, NULL, NULL, NULL, NULL, NULL, NULL, NULL, NULL, NULL, NULL, NULL, 'Genap-2024-2025', '2024-04-30 07:00:17', '2024-04-30 07:00:17'),
(593, 1, 525, 1, NULL, NULL, NULL, NULL, NULL, NULL, NULL, NULL, NULL, NULL, NULL, 'Genap-2024-2025', '2024-04-30 07:00:17', '2024-04-30 07:00:17'),
(594, 1, 531, 1, NULL, NULL, NULL, NULL, NULL, NULL, NULL, NULL, NULL, NULL, NULL, 'Genap-2024-2025', '2024-04-30 07:00:17', '2024-04-30 07:00:17'),
(595, 1, 537, 1, NULL, NULL, NULL, NULL, NULL, NULL, NULL, NULL, NULL, NULL, NULL, 'Genap-2024-2025', '2024-04-30 07:00:17', '2024-04-30 07:00:17'),
(596, 1, 543, 1, NULL, NULL, NULL, NULL, NULL, NULL, NULL, NULL, NULL, NULL, NULL, 'Genap-2024-2025', '2024-04-30 07:00:17', '2024-04-30 07:00:17'),
(597, 1, 549, 1, NULL, NULL, NULL, NULL, NULL, NULL, NULL, NULL, NULL, NULL, NULL, 'Genap-2024-2025', '2024-04-30 07:00:17', '2024-04-30 07:00:17'),
(598, 1, 555, 1, NULL, NULL, NULL, NULL, NULL, NULL, NULL, NULL, NULL, NULL, NULL, 'Genap-2024-2025', '2024-04-30 07:00:17', '2024-04-30 07:00:17'),
(599, 1, 561, 1, NULL, NULL, NULL, NULL, NULL, NULL, NULL, NULL, NULL, NULL, NULL, 'Genap-2024-2025', '2024-04-30 07:00:17', '2024-04-30 07:00:17'),
(600, 1, 532, 1, NULL, NULL, NULL, NULL, NULL, NULL, NULL, NULL, NULL, NULL, NULL, 'Genap-2024-2025', '2024-04-30 07:00:17', '2024-05-03 00:20:33'),
(601, 1, 573, 1, NULL, NULL, NULL, NULL, NULL, NULL, NULL, NULL, NULL, NULL, NULL, 'Genap-2024-2025', '2024-04-30 07:00:17', '2024-04-30 07:00:17'),
(602, 1, 579, 1, NULL, NULL, NULL, NULL, NULL, NULL, NULL, NULL, NULL, NULL, NULL, 'Genap-2024-2025', '2024-04-30 07:00:17', '2024-04-30 07:00:17'),
(603, 1, 585, 1, NULL, NULL, NULL, NULL, NULL, NULL, NULL, NULL, NULL, NULL, NULL, 'Genap-2024-2025', '2024-04-30 07:00:17', '2024-04-30 07:00:17'),
(604, 1, 591, 1, NULL, NULL, NULL, NULL, NULL, NULL, NULL, NULL, NULL, NULL, NULL, 'Genap-2024-2025', '2024-04-30 07:00:17', '2024-04-30 07:00:17'),
(605, 1, 597, 1, NULL, NULL, NULL, NULL, NULL, NULL, NULL, NULL, NULL, NULL, NULL, 'Genap-2024-2025', '2024-04-30 07:00:17', '2024-04-30 07:00:17'),
(606, 1, 603, 1, NULL, NULL, NULL, NULL, NULL, NULL, NULL, NULL, NULL, NULL, NULL, 'Genap-2024-2025', '2024-04-30 07:00:17', '2024-04-30 07:00:17'),
(607, 1, 609, 1, NULL, NULL, NULL, NULL, NULL, NULL, NULL, NULL, NULL, NULL, NULL, 'Genap-2024-2025', '2024-04-30 07:00:17', '2024-04-30 07:00:17'),
(608, 1, 581, 1, NULL, NULL, NULL, NULL, NULL, NULL, NULL, NULL, NULL, NULL, NULL, 'Genap-2024-2025', '2024-04-30 07:00:17', '2024-04-30 07:00:17'),
(609, 1, 551, 1, NULL, NULL, NULL, NULL, NULL, NULL, NULL, NULL, NULL, NULL, NULL, 'Genap-2024-2025', '2024-04-30 07:00:17', '2024-04-30 07:00:17'),
(610, 1, 627, 1, NULL, NULL, NULL, NULL, NULL, NULL, NULL, NULL, NULL, NULL, NULL, 'Genap-2024-2025', '2024-04-30 07:00:17', '2024-04-30 07:00:17'),
(611, 1, 557, 1, NULL, NULL, NULL, NULL, NULL, NULL, NULL, NULL, NULL, NULL, NULL, 'Genap-2024-2025', '2024-04-30 07:00:17', '2024-04-30 07:00:17'),
(612, 1, 639, 1, NULL, NULL, NULL, NULL, NULL, NULL, NULL, NULL, NULL, NULL, NULL, 'Genap-2024-2025', '2024-04-30 07:00:17', '2024-04-30 07:00:17'),
(613, 1, 593, 1, NULL, NULL, NULL, NULL, NULL, NULL, NULL, NULL, NULL, NULL, NULL, 'Genap-2024-2025', '2024-04-30 07:00:17', '2024-04-30 07:00:17'),
(614, 1, 651, 1, NULL, NULL, NULL, NULL, NULL, NULL, NULL, NULL, NULL, NULL, NULL, 'Genap-2024-2025', '2024-04-30 07:00:17', '2024-04-30 07:00:17'),
(615, 1, 605, 1, NULL, NULL, NULL, NULL, NULL, NULL, NULL, NULL, NULL, NULL, NULL, 'Genap-2024-2025', '2024-04-30 07:00:17', '2024-04-30 07:00:17'),
(616, 1, 655, 1, NULL, NULL, NULL, NULL, NULL, NULL, NULL, NULL, NULL, NULL, NULL, 'Genap-2024-2025', '2024-04-30 07:00:17', '2024-04-30 07:00:17'),
(617, 1, 495, 6, NULL, NULL, NULL, NULL, NULL, NULL, NULL, NULL, NULL, NULL, NULL, 'Genap-2024-2025', '2024-05-01 00:11:29', '2024-05-01 00:11:29'),
(618, 1, 501, 6, NULL, NULL, NULL, NULL, NULL, NULL, NULL, NULL, NULL, NULL, NULL, 'Genap-2024-2025', '2024-05-01 00:11:29', '2024-05-01 00:11:29'),
(619, 1, 507, 6, NULL, NULL, NULL, NULL, NULL, NULL, NULL, NULL, NULL, NULL, NULL, 'Genap-2024-2025', '2024-05-01 00:11:29', '2024-05-01 00:11:29'),
(620, 1, 513, 6, NULL, NULL, NULL, NULL, NULL, NULL, NULL, NULL, NULL, NULL, NULL, 'Genap-2024-2025', '2024-05-01 00:11:29', '2024-05-01 00:11:29'),
(621, 1, 519, 6, NULL, NULL, NULL, NULL, NULL, NULL, NULL, NULL, NULL, NULL, NULL, 'Genap-2024-2025', '2024-05-01 00:11:29', '2024-05-01 00:11:29'),
(622, 1, 525, 6, NULL, NULL, NULL, NULL, NULL, NULL, NULL, NULL, NULL, NULL, NULL, 'Genap-2024-2025', '2024-05-01 00:11:29', '2024-05-01 00:11:29'),
(623, 1, 531, 6, NULL, NULL, NULL, NULL, NULL, NULL, NULL, NULL, NULL, NULL, NULL, 'Genap-2024-2025', '2024-05-01 00:11:29', '2024-05-01 00:11:29'),
(624, 1, 537, 6, NULL, NULL, NULL, NULL, NULL, NULL, NULL, NULL, NULL, NULL, NULL, 'Genap-2024-2025', '2024-05-01 00:11:29', '2024-05-01 00:11:29'),
(625, 1, 543, 6, NULL, NULL, NULL, NULL, NULL, NULL, NULL, NULL, NULL, NULL, NULL, 'Genap-2024-2025', '2024-05-01 00:11:29', '2024-05-01 00:11:29'),
(626, 1, 549, 6, NULL, NULL, NULL, NULL, NULL, NULL, NULL, NULL, NULL, NULL, NULL, 'Genap-2024-2025', '2024-05-01 00:11:29', '2024-05-01 00:11:29'),
(627, 1, 555, 6, NULL, NULL, NULL, NULL, NULL, NULL, NULL, NULL, NULL, NULL, NULL, 'Genap-2024-2025', '2024-05-01 00:11:29', '2024-05-01 00:11:29'),
(628, 1, 561, 6, NULL, NULL, NULL, NULL, NULL, NULL, NULL, NULL, NULL, NULL, NULL, 'Genap-2024-2025', '2024-05-01 00:11:29', '2024-05-01 00:11:29'),
(629, 1, 532, 6, 90, 89, 87, 96, 94, 88, NULL, 99, 90, NULL, NULL, 'Genap-2024-2025', '2024-05-01 00:11:29', '2024-05-01 00:11:47'),
(630, 1, 573, 6, NULL, NULL, NULL, NULL, NULL, NULL, NULL, NULL, NULL, NULL, NULL, 'Genap-2024-2025', '2024-05-01 00:11:29', '2024-05-01 00:11:29'),
(631, 1, 579, 6, NULL, NULL, NULL, NULL, NULL, NULL, NULL, NULL, NULL, NULL, NULL, 'Genap-2024-2025', '2024-05-01 00:11:29', '2024-05-01 00:11:29'),
(632, 1, 585, 6, NULL, NULL, NULL, NULL, NULL, NULL, NULL, NULL, NULL, NULL, NULL, 'Genap-2024-2025', '2024-05-01 00:11:29', '2024-05-01 00:11:29'),
(633, 1, 591, 6, NULL, NULL, NULL, NULL, NULL, NULL, NULL, NULL, NULL, NULL, NULL, 'Genap-2024-2025', '2024-05-01 00:11:29', '2024-05-01 00:11:29'),
(634, 1, 597, 6, NULL, NULL, NULL, NULL, NULL, NULL, NULL, NULL, NULL, NULL, NULL, 'Genap-2024-2025', '2024-05-01 00:11:29', '2024-05-01 00:11:29'),
(635, 1, 603, 6, NULL, NULL, NULL, NULL, NULL, NULL, NULL, NULL, NULL, NULL, NULL, 'Genap-2024-2025', '2024-05-01 00:11:29', '2024-05-01 00:11:29'),
(636, 1, 609, 6, NULL, NULL, NULL, NULL, NULL, NULL, NULL, NULL, NULL, NULL, NULL, 'Genap-2024-2025', '2024-05-01 00:11:29', '2024-05-01 00:11:29'),
(637, 1, 581, 6, NULL, NULL, NULL, NULL, NULL, NULL, NULL, NULL, NULL, NULL, NULL, 'Genap-2024-2025', '2024-05-01 00:11:29', '2024-05-01 00:11:29'),
(638, 1, 551, 6, NULL, NULL, NULL, NULL, NULL, NULL, NULL, NULL, NULL, NULL, NULL, 'Genap-2024-2025', '2024-05-01 00:11:29', '2024-05-01 00:11:29'),
(639, 1, 627, 6, NULL, NULL, NULL, NULL, NULL, NULL, NULL, NULL, NULL, NULL, NULL, 'Genap-2024-2025', '2024-05-01 00:11:29', '2024-05-01 00:11:29'),
(640, 1, 557, 6, NULL, NULL, NULL, NULL, NULL, NULL, NULL, NULL, NULL, NULL, NULL, 'Genap-2024-2025', '2024-05-01 00:11:29', '2024-05-01 00:11:29'),
(641, 1, 639, 6, NULL, NULL, NULL, NULL, NULL, NULL, NULL, NULL, NULL, NULL, NULL, 'Genap-2024-2025', '2024-05-01 00:11:29', '2024-05-01 00:11:29'),
(642, 1, 593, 6, NULL, NULL, NULL, NULL, NULL, NULL, NULL, NULL, NULL, NULL, NULL, 'Genap-2024-2025', '2024-05-01 00:11:29', '2024-05-01 00:11:29'),
(643, 1, 651, 6, NULL, NULL, NULL, NULL, NULL, NULL, NULL, NULL, NULL, NULL, NULL, 'Genap-2024-2025', '2024-05-01 00:11:29', '2024-05-01 00:11:29'),
(644, 1, 605, 6, NULL, NULL, NULL, NULL, NULL, NULL, NULL, NULL, NULL, NULL, NULL, 'Genap-2024-2025', '2024-05-01 00:11:29', '2024-05-01 00:11:29'),
(645, 1, 655, 6, NULL, NULL, NULL, NULL, NULL, NULL, NULL, NULL, NULL, NULL, NULL, 'Genap-2024-2025', '2024-05-01 00:11:29', '2024-05-01 00:11:29'),
(646, 2, 759, 6, NULL, NULL, NULL, NULL, NULL, NULL, NULL, NULL, NULL, NULL, NULL, 'Genap-2024-2025', '2024-05-01 08:40:03', '2024-05-03 00:00:29'),
(647, 2, 495, 1, NULL, NULL, NULL, NULL, NULL, NULL, NULL, NULL, NULL, NULL, NULL, 'Genap-2024-2025', '2024-05-02 23:56:18', '2024-05-02 23:56:18'),
(648, 2, 501, 1, NULL, NULL, NULL, NULL, NULL, NULL, NULL, NULL, NULL, NULL, NULL, 'Genap-2024-2025', '2024-05-02 23:56:18', '2024-05-02 23:56:18'),
(649, 2, 507, 1, NULL, NULL, NULL, NULL, NULL, NULL, NULL, NULL, NULL, NULL, NULL, 'Genap-2024-2025', '2024-05-02 23:56:18', '2024-05-02 23:56:18'),
(650, 2, 513, 1, NULL, NULL, NULL, NULL, NULL, NULL, NULL, NULL, NULL, NULL, NULL, 'Genap-2024-2025', '2024-05-02 23:56:18', '2024-05-02 23:56:18'),
(651, 2, 519, 1, NULL, NULL, NULL, NULL, NULL, NULL, NULL, NULL, NULL, NULL, NULL, 'Genap-2024-2025', '2024-05-02 23:56:18', '2024-05-02 23:56:18'),
(652, 2, 525, 1, NULL, NULL, NULL, NULL, NULL, NULL, NULL, NULL, NULL, NULL, NULL, 'Genap-2024-2025', '2024-05-02 23:56:18', '2024-05-02 23:56:18'),
(653, 2, 531, 1, NULL, NULL, NULL, NULL, NULL, NULL, NULL, NULL, NULL, NULL, NULL, 'Genap-2024-2025', '2024-05-02 23:56:18', '2024-05-02 23:56:18'),
(654, 2, 537, 1, NULL, NULL, NULL, NULL, NULL, NULL, NULL, NULL, NULL, NULL, NULL, 'Genap-2024-2025', '2024-05-02 23:56:18', '2024-05-02 23:56:18'),
(655, 2, 543, 1, NULL, NULL, NULL, NULL, NULL, NULL, NULL, NULL, NULL, NULL, NULL, 'Genap-2024-2025', '2024-05-02 23:56:18', '2024-05-02 23:56:18'),
(656, 2, 549, 1, NULL, NULL, NULL, NULL, NULL, NULL, NULL, NULL, NULL, NULL, NULL, 'Genap-2024-2025', '2024-05-02 23:56:18', '2024-05-02 23:56:18'),
(657, 2, 555, 1, NULL, NULL, NULL, NULL, NULL, NULL, NULL, NULL, NULL, NULL, NULL, 'Genap-2024-2025', '2024-05-02 23:56:18', '2024-05-02 23:56:18'),
(658, 2, 561, 1, NULL, NULL, NULL, NULL, NULL, NULL, NULL, NULL, NULL, NULL, NULL, 'Genap-2024-2025', '2024-05-02 23:56:18', '2024-05-02 23:56:18'),
(659, 2, 532, 1, 90, 90, 90, 90, 99, 97, NULL, 95, 80, NULL, NULL, 'Genap-2024-2025', '2024-05-02 23:56:18', '2024-05-02 23:56:50'),
(660, 2, 573, 1, NULL, NULL, NULL, NULL, NULL, NULL, NULL, NULL, NULL, NULL, NULL, 'Genap-2024-2025', '2024-05-02 23:56:18', '2024-05-02 23:56:18'),
(661, 2, 579, 1, NULL, NULL, NULL, NULL, NULL, NULL, NULL, NULL, NULL, NULL, NULL, 'Genap-2024-2025', '2024-05-02 23:56:18', '2024-05-02 23:56:18'),
(662, 2, 585, 1, NULL, NULL, NULL, NULL, NULL, NULL, NULL, NULL, NULL, NULL, NULL, 'Genap-2024-2025', '2024-05-02 23:56:18', '2024-05-02 23:56:18'),
(663, 2, 591, 1, NULL, NULL, NULL, NULL, NULL, NULL, NULL, NULL, NULL, NULL, NULL, 'Genap-2024-2025', '2024-05-02 23:56:18', '2024-05-02 23:56:18'),
(664, 2, 597, 1, NULL, NULL, NULL, NULL, NULL, NULL, NULL, NULL, NULL, NULL, NULL, 'Genap-2024-2025', '2024-05-02 23:56:18', '2024-05-02 23:56:18'),
(665, 2, 603, 1, NULL, NULL, NULL, NULL, NULL, NULL, NULL, NULL, NULL, NULL, NULL, 'Genap-2024-2025', '2024-05-02 23:56:18', '2024-05-02 23:56:18'),
(666, 2, 609, 1, NULL, NULL, NULL, NULL, NULL, NULL, NULL, NULL, NULL, NULL, NULL, 'Genap-2024-2025', '2024-05-02 23:56:18', '2024-05-02 23:56:18'),
(667, 2, 581, 1, NULL, NULL, NULL, NULL, NULL, NULL, NULL, NULL, NULL, NULL, NULL, 'Genap-2024-2025', '2024-05-02 23:56:18', '2024-05-02 23:56:18'),
(668, 2, 551, 1, NULL, NULL, NULL, NULL, NULL, NULL, NULL, NULL, NULL, NULL, NULL, 'Genap-2024-2025', '2024-05-02 23:56:18', '2024-05-02 23:56:18'),
(669, 2, 627, 1, NULL, NULL, NULL, NULL, NULL, NULL, NULL, NULL, NULL, NULL, NULL, 'Genap-2024-2025', '2024-05-02 23:56:18', '2024-05-02 23:56:18'),
(670, 2, 557, 1, NULL, NULL, NULL, NULL, NULL, NULL, NULL, NULL, NULL, NULL, NULL, 'Genap-2024-2025', '2024-05-02 23:56:18', '2024-05-02 23:56:18'),
(671, 2, 639, 1, NULL, NULL, NULL, NULL, NULL, NULL, NULL, NULL, NULL, NULL, NULL, 'Genap-2024-2025', '2024-05-02 23:56:18', '2024-05-02 23:56:18'),
(672, 2, 593, 1, NULL, NULL, NULL, NULL, NULL, NULL, NULL, NULL, NULL, NULL, NULL, 'Genap-2024-2025', '2024-05-02 23:56:18', '2024-05-02 23:56:18'),
(673, 2, 651, 1, NULL, NULL, NULL, NULL, NULL, NULL, NULL, NULL, NULL, NULL, NULL, 'Genap-2024-2025', '2024-05-02 23:56:18', '2024-05-02 23:56:18'),
(674, 2, 605, 1, NULL, NULL, NULL, NULL, NULL, NULL, NULL, NULL, NULL, NULL, NULL, 'Genap-2024-2025', '2024-05-02 23:56:18', '2024-05-02 23:56:18'),
(675, 2, 655, 1, NULL, NULL, NULL, NULL, NULL, NULL, NULL, NULL, NULL, NULL, NULL, 'Genap-2024-2025', '2024-05-02 23:56:18', '2024-05-02 23:56:18'),
(676, 2, 759, 1, NULL, NULL, NULL, NULL, NULL, NULL, NULL, NULL, NULL, NULL, NULL, 'Genap-2024-2025', '2024-05-02 23:56:18', '2024-05-02 23:56:18'),
(677, 2, 762, 1, NULL, NULL, NULL, NULL, NULL, NULL, NULL, NULL, NULL, NULL, NULL, 'Genap-2024-2025', '2024-05-02 23:56:18', '2024-05-02 23:56:18'),
(678, 2, 495, 2, NULL, NULL, NULL, NULL, NULL, NULL, NULL, NULL, NULL, NULL, NULL, 'Genap-2024-2025', '2024-05-02 23:57:02', '2024-05-02 23:57:02'),
(679, 2, 501, 2, NULL, NULL, NULL, NULL, NULL, NULL, NULL, NULL, NULL, NULL, NULL, 'Genap-2024-2025', '2024-05-02 23:57:02', '2024-05-02 23:57:02'),
(680, 2, 507, 2, NULL, NULL, NULL, NULL, NULL, NULL, NULL, NULL, NULL, NULL, NULL, 'Genap-2024-2025', '2024-05-02 23:57:02', '2024-05-02 23:57:02'),
(681, 2, 513, 2, NULL, NULL, NULL, NULL, NULL, NULL, NULL, NULL, NULL, NULL, NULL, 'Genap-2024-2025', '2024-05-02 23:57:03', '2024-05-02 23:57:03'),
(682, 2, 519, 2, NULL, NULL, NULL, NULL, NULL, NULL, NULL, NULL, NULL, NULL, NULL, 'Genap-2024-2025', '2024-05-02 23:57:03', '2024-05-02 23:57:03'),
(683, 2, 525, 2, NULL, NULL, NULL, NULL, NULL, NULL, NULL, NULL, NULL, NULL, NULL, 'Genap-2024-2025', '2024-05-02 23:57:03', '2024-05-02 23:57:03'),
(684, 2, 531, 2, NULL, NULL, NULL, NULL, NULL, NULL, NULL, NULL, NULL, NULL, NULL, 'Genap-2024-2025', '2024-05-02 23:57:03', '2024-05-02 23:57:03'),
(685, 2, 537, 2, NULL, NULL, NULL, NULL, NULL, NULL, NULL, NULL, NULL, NULL, NULL, 'Genap-2024-2025', '2024-05-02 23:57:03', '2024-05-02 23:57:03'),
(686, 2, 543, 2, NULL, NULL, NULL, NULL, NULL, NULL, NULL, NULL, NULL, NULL, NULL, 'Genap-2024-2025', '2024-05-02 23:57:03', '2024-05-02 23:57:03'),
(687, 2, 549, 2, NULL, NULL, NULL, NULL, NULL, NULL, NULL, NULL, NULL, NULL, NULL, 'Genap-2024-2025', '2024-05-02 23:57:03', '2024-05-02 23:57:03'),
(688, 2, 555, 2, NULL, NULL, NULL, NULL, NULL, NULL, NULL, NULL, NULL, NULL, NULL, 'Genap-2024-2025', '2024-05-02 23:57:03', '2024-05-02 23:57:03'),
(689, 2, 561, 2, NULL, NULL, NULL, NULL, NULL, NULL, NULL, NULL, NULL, NULL, NULL, 'Genap-2024-2025', '2024-05-02 23:57:03', '2024-05-02 23:57:03'),
(690, 2, 532, 2, 88, 77, 89, 90, 99, 96, NULL, 94, 86, NULL, NULL, 'Genap-2024-2025', '2024-05-02 23:57:03', '2024-05-02 23:57:17'),
(691, 2, 573, 2, NULL, NULL, NULL, NULL, NULL, NULL, NULL, NULL, NULL, NULL, NULL, 'Genap-2024-2025', '2024-05-02 23:57:03', '2024-05-02 23:57:03'),
(692, 2, 579, 2, NULL, NULL, NULL, NULL, NULL, NULL, NULL, NULL, NULL, NULL, NULL, 'Genap-2024-2025', '2024-05-02 23:57:03', '2024-05-02 23:57:03'),
(693, 2, 585, 2, NULL, NULL, NULL, NULL, NULL, NULL, NULL, NULL, NULL, NULL, NULL, 'Genap-2024-2025', '2024-05-02 23:57:03', '2024-05-02 23:57:03'),
(694, 2, 591, 2, NULL, NULL, NULL, NULL, NULL, NULL, NULL, NULL, NULL, NULL, NULL, 'Genap-2024-2025', '2024-05-02 23:57:03', '2024-05-02 23:57:03'),
(695, 2, 597, 2, NULL, NULL, NULL, NULL, NULL, NULL, NULL, NULL, NULL, NULL, NULL, 'Genap-2024-2025', '2024-05-02 23:57:03', '2024-05-02 23:57:03'),
(696, 2, 603, 2, NULL, NULL, NULL, NULL, NULL, NULL, NULL, NULL, NULL, NULL, NULL, 'Genap-2024-2025', '2024-05-02 23:57:03', '2024-05-02 23:57:03'),
(697, 2, 609, 2, NULL, NULL, NULL, NULL, NULL, NULL, NULL, NULL, NULL, NULL, NULL, 'Genap-2024-2025', '2024-05-02 23:57:03', '2024-05-02 23:57:03'),
(698, 2, 581, 2, NULL, NULL, NULL, NULL, NULL, NULL, NULL, NULL, NULL, NULL, NULL, 'Genap-2024-2025', '2024-05-02 23:57:03', '2024-05-02 23:57:03'),
(699, 2, 551, 2, NULL, NULL, NULL, NULL, NULL, NULL, NULL, NULL, NULL, NULL, NULL, 'Genap-2024-2025', '2024-05-02 23:57:03', '2024-05-02 23:57:03'),
(700, 2, 627, 2, NULL, NULL, NULL, NULL, NULL, NULL, NULL, NULL, NULL, NULL, NULL, 'Genap-2024-2025', '2024-05-02 23:57:03', '2024-05-02 23:57:03'),
(701, 2, 557, 2, NULL, NULL, NULL, NULL, NULL, NULL, NULL, NULL, NULL, NULL, NULL, 'Genap-2024-2025', '2024-05-02 23:57:03', '2024-05-02 23:57:03'),
(702, 2, 639, 2, NULL, NULL, NULL, NULL, NULL, NULL, NULL, NULL, NULL, NULL, NULL, 'Genap-2024-2025', '2024-05-02 23:57:03', '2024-05-02 23:57:03'),
(703, 2, 593, 2, NULL, NULL, NULL, NULL, NULL, NULL, NULL, NULL, NULL, NULL, NULL, 'Genap-2024-2025', '2024-05-02 23:57:03', '2024-05-02 23:57:03'),
(704, 2, 651, 2, NULL, NULL, NULL, NULL, NULL, NULL, NULL, NULL, NULL, NULL, NULL, 'Genap-2024-2025', '2024-05-02 23:57:03', '2024-05-02 23:57:03'),
(705, 2, 605, 2, NULL, NULL, NULL, NULL, NULL, NULL, NULL, NULL, NULL, NULL, NULL, 'Genap-2024-2025', '2024-05-02 23:57:03', '2024-05-02 23:57:03'),
(706, 2, 655, 2, NULL, NULL, NULL, NULL, NULL, NULL, NULL, NULL, NULL, NULL, NULL, 'Genap-2024-2025', '2024-05-02 23:57:03', '2024-05-02 23:57:03'),
(707, 2, 759, 2, NULL, NULL, NULL, NULL, NULL, NULL, NULL, NULL, NULL, NULL, NULL, 'Genap-2024-2025', '2024-05-02 23:57:03', '2024-05-02 23:57:03'),
(708, 2, 762, 2, NULL, NULL, NULL, NULL, NULL, NULL, NULL, NULL, NULL, NULL, NULL, 'Genap-2024-2025', '2024-05-02 23:57:03', '2024-05-02 23:57:03'),
(709, 2, 495, 3, NULL, NULL, NULL, NULL, NULL, NULL, NULL, NULL, NULL, NULL, NULL, 'Genap-2024-2025', '2024-05-02 23:57:36', '2024-05-02 23:57:36'),
(710, 2, 501, 3, NULL, NULL, NULL, NULL, NULL, NULL, NULL, NULL, NULL, NULL, NULL, 'Genap-2024-2025', '2024-05-02 23:57:36', '2024-05-02 23:57:36'),
(711, 2, 507, 3, NULL, NULL, NULL, NULL, NULL, NULL, NULL, NULL, NULL, NULL, NULL, 'Genap-2024-2025', '2024-05-02 23:57:36', '2024-05-02 23:57:36'),
(712, 2, 513, 3, NULL, NULL, NULL, NULL, NULL, NULL, NULL, NULL, NULL, NULL, NULL, 'Genap-2024-2025', '2024-05-02 23:57:36', '2024-05-02 23:57:36'),
(713, 2, 519, 3, NULL, NULL, NULL, NULL, NULL, NULL, NULL, NULL, NULL, NULL, NULL, 'Genap-2024-2025', '2024-05-02 23:57:36', '2024-05-02 23:57:36'),
(714, 2, 525, 3, NULL, NULL, NULL, NULL, NULL, NULL, NULL, NULL, NULL, NULL, NULL, 'Genap-2024-2025', '2024-05-02 23:57:36', '2024-05-02 23:57:36'),
(715, 2, 531, 3, NULL, NULL, NULL, NULL, NULL, NULL, NULL, NULL, NULL, NULL, NULL, 'Genap-2024-2025', '2024-05-02 23:57:36', '2024-05-02 23:57:36'),
(716, 2, 537, 3, NULL, NULL, NULL, NULL, NULL, NULL, NULL, NULL, NULL, NULL, NULL, 'Genap-2024-2025', '2024-05-02 23:57:36', '2024-05-02 23:57:36'),
(717, 2, 543, 3, NULL, NULL, NULL, NULL, NULL, NULL, NULL, NULL, NULL, NULL, NULL, 'Genap-2024-2025', '2024-05-02 23:57:36', '2024-05-02 23:57:36'),
(718, 2, 549, 3, NULL, NULL, NULL, NULL, NULL, NULL, NULL, NULL, NULL, NULL, NULL, 'Genap-2024-2025', '2024-05-02 23:57:36', '2024-05-02 23:57:36'),
(719, 2, 555, 3, NULL, NULL, NULL, NULL, NULL, NULL, NULL, NULL, NULL, NULL, NULL, 'Genap-2024-2025', '2024-05-02 23:57:36', '2024-05-02 23:57:36'),
(720, 2, 561, 3, NULL, NULL, NULL, NULL, NULL, NULL, NULL, NULL, NULL, NULL, NULL, 'Genap-2024-2025', '2024-05-02 23:57:36', '2024-05-02 23:57:36'),
(721, 2, 532, 3, 99, 88, 100, 78, 98, 96, NULL, 78, 99, NULL, NULL, 'Genap-2024-2025', '2024-05-02 23:57:36', '2024-05-02 23:58:13'),
(722, 2, 573, 3, NULL, NULL, NULL, NULL, NULL, NULL, NULL, NULL, NULL, NULL, NULL, 'Genap-2024-2025', '2024-05-02 23:57:36', '2024-05-02 23:57:36'),
(723, 2, 579, 3, NULL, NULL, NULL, NULL, NULL, NULL, NULL, NULL, NULL, NULL, NULL, 'Genap-2024-2025', '2024-05-02 23:57:36', '2024-05-02 23:57:36'),
(724, 2, 585, 3, NULL, NULL, NULL, NULL, NULL, NULL, NULL, NULL, NULL, NULL, NULL, 'Genap-2024-2025', '2024-05-02 23:57:36', '2024-05-02 23:57:36'),
(725, 2, 591, 3, NULL, NULL, NULL, NULL, NULL, NULL, NULL, NULL, NULL, NULL, NULL, 'Genap-2024-2025', '2024-05-02 23:57:36', '2024-05-02 23:57:36'),
(726, 2, 597, 3, NULL, NULL, NULL, NULL, NULL, NULL, NULL, NULL, NULL, NULL, NULL, 'Genap-2024-2025', '2024-05-02 23:57:36', '2024-05-02 23:57:36'),
(727, 2, 603, 3, NULL, NULL, NULL, NULL, NULL, NULL, NULL, NULL, NULL, NULL, NULL, 'Genap-2024-2025', '2024-05-02 23:57:36', '2024-05-02 23:57:36'),
(728, 2, 609, 3, NULL, NULL, NULL, NULL, NULL, NULL, NULL, NULL, NULL, NULL, NULL, 'Genap-2024-2025', '2024-05-02 23:57:36', '2024-05-02 23:57:36'),
(729, 2, 581, 3, NULL, NULL, NULL, NULL, NULL, NULL, NULL, NULL, NULL, NULL, NULL, 'Genap-2024-2025', '2024-05-02 23:57:36', '2024-05-02 23:57:36'),
(730, 2, 551, 3, NULL, NULL, NULL, NULL, NULL, NULL, NULL, NULL, NULL, NULL, NULL, 'Genap-2024-2025', '2024-05-02 23:57:36', '2024-05-02 23:57:36'),
(731, 2, 627, 3, NULL, NULL, NULL, NULL, NULL, NULL, NULL, NULL, NULL, NULL, NULL, 'Genap-2024-2025', '2024-05-02 23:57:36', '2024-05-02 23:57:36'),
(732, 2, 557, 3, NULL, NULL, NULL, NULL, NULL, NULL, NULL, NULL, NULL, NULL, NULL, 'Genap-2024-2025', '2024-05-02 23:57:36', '2024-05-02 23:57:36'),
(733, 2, 639, 3, NULL, NULL, NULL, NULL, NULL, NULL, NULL, NULL, NULL, NULL, NULL, 'Genap-2024-2025', '2024-05-02 23:57:36', '2024-05-02 23:57:36'),
(734, 2, 593, 3, NULL, NULL, NULL, NULL, NULL, NULL, NULL, NULL, NULL, NULL, NULL, 'Genap-2024-2025', '2024-05-02 23:57:36', '2024-05-02 23:57:36'),
(735, 2, 651, 3, NULL, NULL, NULL, NULL, NULL, NULL, NULL, NULL, NULL, NULL, NULL, 'Genap-2024-2025', '2024-05-02 23:57:36', '2024-05-02 23:57:36'),
(736, 2, 605, 3, NULL, NULL, NULL, NULL, NULL, NULL, NULL, NULL, NULL, NULL, NULL, 'Genap-2024-2025', '2024-05-02 23:57:36', '2024-05-02 23:57:36'),
(737, 2, 655, 3, NULL, NULL, NULL, NULL, NULL, NULL, NULL, NULL, NULL, NULL, NULL, 'Genap-2024-2025', '2024-05-02 23:57:36', '2024-05-02 23:57:36'),
(738, 2, 759, 3, NULL, NULL, NULL, NULL, NULL, NULL, NULL, NULL, NULL, NULL, NULL, 'Genap-2024-2025', '2024-05-02 23:57:36', '2024-05-02 23:57:36'),
(739, 2, 762, 3, NULL, NULL, NULL, NULL, NULL, NULL, NULL, NULL, NULL, NULL, NULL, 'Genap-2024-2025', '2024-05-02 23:57:36', '2024-05-02 23:57:36'),
(740, 2, 495, 4, NULL, NULL, NULL, NULL, NULL, NULL, NULL, NULL, NULL, NULL, NULL, 'Genap-2024-2025', '2024-05-02 23:58:19', '2024-05-02 23:58:19'),
(741, 2, 501, 4, NULL, NULL, NULL, NULL, NULL, NULL, NULL, NULL, NULL, NULL, NULL, 'Genap-2024-2025', '2024-05-02 23:58:19', '2024-05-02 23:58:19'),
(742, 2, 507, 4, NULL, NULL, NULL, NULL, NULL, NULL, NULL, NULL, NULL, NULL, NULL, 'Genap-2024-2025', '2024-05-02 23:58:19', '2024-05-02 23:58:19'),
(743, 2, 513, 4, NULL, NULL, NULL, NULL, NULL, NULL, NULL, NULL, NULL, NULL, NULL, 'Genap-2024-2025', '2024-05-02 23:58:19', '2024-05-02 23:58:19'),
(744, 2, 519, 4, NULL, NULL, NULL, NULL, NULL, NULL, NULL, NULL, NULL, NULL, NULL, 'Genap-2024-2025', '2024-05-02 23:58:19', '2024-05-02 23:58:19'),
(745, 2, 525, 4, NULL, NULL, NULL, NULL, NULL, NULL, NULL, NULL, NULL, NULL, NULL, 'Genap-2024-2025', '2024-05-02 23:58:19', '2024-05-02 23:58:19'),
(746, 2, 531, 4, NULL, NULL, NULL, NULL, NULL, NULL, NULL, NULL, NULL, NULL, NULL, 'Genap-2024-2025', '2024-05-02 23:58:19', '2024-05-02 23:58:19'),
(747, 2, 537, 4, NULL, NULL, NULL, NULL, NULL, NULL, NULL, NULL, NULL, NULL, NULL, 'Genap-2024-2025', '2024-05-02 23:58:19', '2024-05-02 23:58:19'),
(748, 2, 543, 4, NULL, NULL, NULL, NULL, NULL, NULL, NULL, NULL, NULL, NULL, NULL, 'Genap-2024-2025', '2024-05-02 23:58:19', '2024-05-02 23:58:19'),
(749, 2, 549, 4, NULL, NULL, NULL, NULL, NULL, NULL, NULL, NULL, NULL, NULL, NULL, 'Genap-2024-2025', '2024-05-02 23:58:19', '2024-05-02 23:58:19'),
(750, 2, 555, 4, NULL, NULL, NULL, NULL, NULL, NULL, NULL, NULL, NULL, NULL, NULL, 'Genap-2024-2025', '2024-05-02 23:58:19', '2024-05-02 23:58:19'),
(751, 2, 561, 4, NULL, NULL, NULL, NULL, NULL, NULL, NULL, NULL, NULL, NULL, NULL, 'Genap-2024-2025', '2024-05-02 23:58:19', '2024-05-02 23:58:19'),
(752, 2, 532, 4, 99, 88, 77, 66, 55, 44, NULL, 33, 98, NULL, NULL, 'Genap-2024-2025', '2024-05-02 23:58:19', '2024-05-02 23:58:28'),
(753, 2, 573, 4, NULL, NULL, NULL, NULL, NULL, NULL, NULL, NULL, NULL, NULL, NULL, 'Genap-2024-2025', '2024-05-02 23:58:19', '2024-05-02 23:58:19'),
(754, 2, 579, 4, NULL, NULL, NULL, NULL, NULL, NULL, NULL, NULL, NULL, NULL, NULL, 'Genap-2024-2025', '2024-05-02 23:58:19', '2024-05-02 23:58:19'),
(755, 2, 585, 4, NULL, NULL, NULL, NULL, NULL, NULL, NULL, NULL, NULL, NULL, NULL, 'Genap-2024-2025', '2024-05-02 23:58:19', '2024-05-02 23:58:19'),
(756, 2, 591, 4, NULL, NULL, NULL, NULL, NULL, NULL, NULL, NULL, NULL, NULL, NULL, 'Genap-2024-2025', '2024-05-02 23:58:19', '2024-05-02 23:58:19'),
(757, 2, 597, 4, NULL, NULL, NULL, NULL, NULL, NULL, NULL, NULL, NULL, NULL, NULL, 'Genap-2024-2025', '2024-05-02 23:58:19', '2024-05-02 23:58:19'),
(758, 2, 603, 4, NULL, NULL, NULL, NULL, NULL, NULL, NULL, NULL, NULL, NULL, NULL, 'Genap-2024-2025', '2024-05-02 23:58:19', '2024-05-02 23:58:19'),
(759, 2, 609, 4, NULL, NULL, NULL, NULL, NULL, NULL, NULL, NULL, NULL, NULL, NULL, 'Genap-2024-2025', '2024-05-02 23:58:19', '2024-05-02 23:58:19'),
(760, 2, 581, 4, NULL, NULL, NULL, NULL, NULL, NULL, NULL, NULL, NULL, NULL, NULL, 'Genap-2024-2025', '2024-05-02 23:58:19', '2024-05-02 23:58:19'),
(761, 2, 551, 4, NULL, NULL, NULL, NULL, NULL, NULL, NULL, NULL, NULL, NULL, NULL, 'Genap-2024-2025', '2024-05-02 23:58:19', '2024-05-02 23:58:19'),
(762, 2, 627, 4, NULL, NULL, NULL, NULL, NULL, NULL, NULL, NULL, NULL, NULL, NULL, 'Genap-2024-2025', '2024-05-02 23:58:19', '2024-05-02 23:58:19'),
(763, 2, 557, 4, NULL, NULL, NULL, NULL, NULL, NULL, NULL, NULL, NULL, NULL, NULL, 'Genap-2024-2025', '2024-05-02 23:58:19', '2024-05-02 23:58:19'),
(764, 2, 639, 4, NULL, NULL, NULL, NULL, NULL, NULL, NULL, NULL, NULL, NULL, NULL, 'Genap-2024-2025', '2024-05-02 23:58:19', '2024-05-02 23:58:19'),
(765, 2, 593, 4, NULL, NULL, NULL, NULL, NULL, NULL, NULL, NULL, NULL, NULL, NULL, 'Genap-2024-2025', '2024-05-02 23:58:19', '2024-05-02 23:58:19'),
(766, 2, 651, 4, NULL, NULL, NULL, NULL, NULL, NULL, NULL, NULL, NULL, NULL, NULL, 'Genap-2024-2025', '2024-05-02 23:58:19', '2024-05-02 23:58:19'),
(767, 2, 605, 4, NULL, NULL, NULL, NULL, NULL, NULL, NULL, NULL, NULL, NULL, NULL, 'Genap-2024-2025', '2024-05-02 23:58:19', '2024-05-02 23:58:19'),
(768, 2, 655, 4, NULL, NULL, NULL, NULL, NULL, NULL, NULL, NULL, NULL, NULL, NULL, 'Genap-2024-2025', '2024-05-02 23:58:19', '2024-05-02 23:58:19'),
(769, 2, 759, 4, NULL, NULL, NULL, NULL, NULL, NULL, NULL, NULL, NULL, NULL, NULL, 'Genap-2024-2025', '2024-05-02 23:58:19', '2024-05-02 23:58:19'),
(770, 2, 762, 4, NULL, NULL, NULL, NULL, NULL, NULL, NULL, NULL, NULL, NULL, NULL, 'Genap-2024-2025', '2024-05-02 23:58:19', '2024-05-02 23:58:19'),
(771, 2, 495, 7, NULL, NULL, NULL, NULL, NULL, NULL, NULL, NULL, NULL, NULL, NULL, 'Genap-2024-2025', '2024-05-02 23:58:39', '2024-05-02 23:58:39'),
(772, 2, 501, 7, NULL, NULL, NULL, NULL, NULL, NULL, NULL, NULL, NULL, NULL, NULL, 'Genap-2024-2025', '2024-05-02 23:58:39', '2024-05-02 23:58:39'),
(773, 2, 507, 7, NULL, NULL, NULL, NULL, NULL, NULL, NULL, NULL, NULL, NULL, NULL, 'Genap-2024-2025', '2024-05-02 23:58:39', '2024-05-02 23:58:39'),
(774, 2, 513, 7, NULL, NULL, NULL, NULL, NULL, NULL, NULL, NULL, NULL, NULL, NULL, 'Genap-2024-2025', '2024-05-02 23:58:39', '2024-05-02 23:58:39'),
(775, 2, 519, 7, NULL, NULL, NULL, NULL, NULL, NULL, NULL, NULL, NULL, NULL, NULL, 'Genap-2024-2025', '2024-05-02 23:58:39', '2024-05-02 23:58:39'),
(776, 2, 525, 7, NULL, NULL, NULL, NULL, NULL, NULL, NULL, NULL, NULL, NULL, NULL, 'Genap-2024-2025', '2024-05-02 23:58:39', '2024-05-02 23:58:39'),
(777, 2, 531, 7, NULL, NULL, NULL, NULL, NULL, NULL, NULL, NULL, NULL, NULL, NULL, 'Genap-2024-2025', '2024-05-02 23:58:39', '2024-05-02 23:58:39'),
(778, 2, 537, 7, NULL, NULL, NULL, NULL, NULL, NULL, NULL, NULL, NULL, NULL, NULL, 'Genap-2024-2025', '2024-05-02 23:58:39', '2024-05-02 23:58:39'),
(779, 2, 543, 7, NULL, NULL, NULL, NULL, NULL, NULL, NULL, NULL, NULL, NULL, NULL, 'Genap-2024-2025', '2024-05-02 23:58:39', '2024-05-02 23:58:39'),
(780, 2, 549, 7, NULL, NULL, NULL, NULL, NULL, NULL, NULL, NULL, NULL, NULL, NULL, 'Genap-2024-2025', '2024-05-02 23:58:39', '2024-05-02 23:58:39'),
(781, 2, 555, 7, NULL, NULL, NULL, NULL, NULL, NULL, NULL, NULL, NULL, NULL, NULL, 'Genap-2024-2025', '2024-05-02 23:58:39', '2024-05-02 23:58:39'),
(782, 2, 561, 7, NULL, NULL, NULL, NULL, NULL, NULL, NULL, NULL, NULL, NULL, NULL, 'Genap-2024-2025', '2024-05-02 23:58:39', '2024-05-02 23:58:39'),
(783, 2, 532, 7, 99, 89, 77, 87, 98, 87, NULL, 89, 79, NULL, NULL, 'Genap-2024-2025', '2024-05-02 23:58:39', '2024-05-02 23:58:51'),
(784, 2, 573, 7, NULL, NULL, NULL, NULL, NULL, NULL, NULL, NULL, NULL, NULL, NULL, 'Genap-2024-2025', '2024-05-02 23:58:39', '2024-05-02 23:58:39'),
(785, 2, 579, 7, NULL, NULL, NULL, NULL, NULL, NULL, NULL, NULL, NULL, NULL, NULL, 'Genap-2024-2025', '2024-05-02 23:58:39', '2024-05-02 23:58:39'),
(786, 2, 585, 7, NULL, NULL, NULL, NULL, NULL, NULL, NULL, NULL, NULL, NULL, NULL, 'Genap-2024-2025', '2024-05-02 23:58:39', '2024-05-02 23:58:39'),
(787, 2, 591, 7, NULL, NULL, NULL, NULL, NULL, NULL, NULL, NULL, NULL, NULL, NULL, 'Genap-2024-2025', '2024-05-02 23:58:39', '2024-05-02 23:58:39'),
(788, 2, 597, 7, NULL, NULL, NULL, NULL, NULL, NULL, NULL, NULL, NULL, NULL, NULL, 'Genap-2024-2025', '2024-05-02 23:58:39', '2024-05-02 23:58:39'),
(789, 2, 603, 7, NULL, NULL, NULL, NULL, NULL, NULL, NULL, NULL, NULL, NULL, NULL, 'Genap-2024-2025', '2024-05-02 23:58:39', '2024-05-02 23:58:39'),
(790, 2, 609, 7, NULL, NULL, NULL, NULL, NULL, NULL, NULL, NULL, NULL, NULL, NULL, 'Genap-2024-2025', '2024-05-02 23:58:39', '2024-05-02 23:58:39'),
(791, 2, 581, 7, NULL, NULL, NULL, NULL, NULL, NULL, NULL, NULL, NULL, NULL, NULL, 'Genap-2024-2025', '2024-05-02 23:58:39', '2024-05-02 23:58:39'),
(792, 2, 551, 7, NULL, NULL, NULL, NULL, NULL, NULL, NULL, NULL, NULL, NULL, NULL, 'Genap-2024-2025', '2024-05-02 23:58:39', '2024-05-02 23:58:39'),
(793, 2, 627, 7, NULL, NULL, NULL, NULL, NULL, NULL, NULL, NULL, NULL, NULL, NULL, 'Genap-2024-2025', '2024-05-02 23:58:39', '2024-05-02 23:58:39'),
(794, 2, 557, 7, NULL, NULL, NULL, NULL, NULL, NULL, NULL, NULL, NULL, NULL, NULL, 'Genap-2024-2025', '2024-05-02 23:58:39', '2024-05-02 23:58:39'),
(795, 2, 639, 7, NULL, NULL, NULL, NULL, NULL, NULL, NULL, NULL, NULL, NULL, NULL, 'Genap-2024-2025', '2024-05-02 23:58:39', '2024-05-02 23:58:39'),
(796, 2, 593, 7, NULL, NULL, NULL, NULL, NULL, NULL, NULL, NULL, NULL, NULL, NULL, 'Genap-2024-2025', '2024-05-02 23:58:39', '2024-05-02 23:58:39'),
(797, 2, 651, 7, NULL, NULL, NULL, NULL, NULL, NULL, NULL, NULL, NULL, NULL, NULL, 'Genap-2024-2025', '2024-05-02 23:58:39', '2024-05-02 23:58:39'),
(798, 2, 605, 7, NULL, NULL, NULL, NULL, NULL, NULL, NULL, NULL, NULL, NULL, NULL, 'Genap-2024-2025', '2024-05-02 23:58:39', '2024-05-02 23:58:39'),
(799, 2, 655, 7, NULL, NULL, NULL, NULL, NULL, NULL, NULL, NULL, NULL, NULL, NULL, 'Genap-2024-2025', '2024-05-02 23:58:39', '2024-05-02 23:58:39'),
(800, 2, 759, 7, NULL, NULL, NULL, NULL, NULL, NULL, NULL, NULL, NULL, NULL, NULL, 'Genap-2024-2025', '2024-05-02 23:58:39', '2024-05-02 23:58:39'),
(801, 2, 762, 7, NULL, NULL, NULL, NULL, NULL, NULL, NULL, NULL, NULL, NULL, NULL, 'Genap-2024-2025', '2024-05-02 23:58:40', '2024-05-02 23:58:40'),
(802, 2, 495, 8, NULL, NULL, NULL, NULL, NULL, NULL, NULL, NULL, NULL, NULL, NULL, 'Genap-2024-2025', '2024-05-02 23:59:00', '2024-05-02 23:59:00'),
(803, 2, 501, 8, NULL, NULL, NULL, NULL, NULL, NULL, NULL, NULL, NULL, NULL, NULL, 'Genap-2024-2025', '2024-05-02 23:59:00', '2024-05-02 23:59:00'),
(804, 2, 507, 8, NULL, NULL, NULL, NULL, NULL, NULL, NULL, NULL, NULL, NULL, NULL, 'Genap-2024-2025', '2024-05-02 23:59:00', '2024-05-02 23:59:00'),
(805, 2, 513, 8, NULL, NULL, NULL, NULL, NULL, NULL, NULL, NULL, NULL, NULL, NULL, 'Genap-2024-2025', '2024-05-02 23:59:00', '2024-05-02 23:59:00'),
(806, 2, 519, 8, NULL, NULL, NULL, NULL, NULL, NULL, NULL, NULL, NULL, NULL, NULL, 'Genap-2024-2025', '2024-05-02 23:59:00', '2024-05-02 23:59:00'),
(807, 2, 525, 8, NULL, NULL, NULL, NULL, NULL, NULL, NULL, NULL, NULL, NULL, NULL, 'Genap-2024-2025', '2024-05-02 23:59:00', '2024-05-02 23:59:00'),
(808, 2, 531, 8, NULL, NULL, NULL, NULL, NULL, NULL, NULL, NULL, NULL, NULL, NULL, 'Genap-2024-2025', '2024-05-02 23:59:00', '2024-05-02 23:59:00'),
(809, 2, 537, 8, NULL, NULL, NULL, NULL, NULL, NULL, NULL, NULL, NULL, NULL, NULL, 'Genap-2024-2025', '2024-05-02 23:59:00', '2024-05-02 23:59:00'),
(810, 2, 543, 8, NULL, NULL, NULL, NULL, NULL, NULL, NULL, NULL, NULL, NULL, NULL, 'Genap-2024-2025', '2024-05-02 23:59:00', '2024-05-02 23:59:00'),
(811, 2, 549, 8, NULL, NULL, NULL, NULL, NULL, NULL, NULL, NULL, NULL, NULL, NULL, 'Genap-2024-2025', '2024-05-02 23:59:00', '2024-05-02 23:59:00'),
(812, 2, 555, 8, NULL, NULL, NULL, NULL, NULL, NULL, NULL, NULL, NULL, NULL, NULL, 'Genap-2024-2025', '2024-05-02 23:59:00', '2024-05-02 23:59:00'),
(813, 2, 561, 8, NULL, NULL, NULL, NULL, NULL, NULL, NULL, NULL, NULL, NULL, NULL, 'Genap-2024-2025', '2024-05-02 23:59:00', '2024-05-02 23:59:00'),
(814, 2, 532, 8, 79, 99, 98, 96, 94, 86, NULL, 88, 90, NULL, NULL, 'Genap-2024-2025', '2024-05-02 23:59:00', '2024-05-02 23:59:18'),
(815, 2, 573, 8, NULL, NULL, NULL, NULL, NULL, NULL, NULL, NULL, NULL, NULL, NULL, 'Genap-2024-2025', '2024-05-02 23:59:00', '2024-05-02 23:59:00'),
(816, 2, 579, 8, NULL, NULL, NULL, NULL, NULL, NULL, NULL, NULL, NULL, NULL, NULL, 'Genap-2024-2025', '2024-05-02 23:59:00', '2024-05-02 23:59:00'),
(817, 2, 585, 8, NULL, NULL, NULL, NULL, NULL, NULL, NULL, NULL, NULL, NULL, NULL, 'Genap-2024-2025', '2024-05-02 23:59:00', '2024-05-02 23:59:00'),
(818, 2, 591, 8, NULL, NULL, NULL, NULL, NULL, NULL, NULL, NULL, NULL, NULL, NULL, 'Genap-2024-2025', '2024-05-02 23:59:00', '2024-05-02 23:59:00'),
(819, 2, 597, 8, NULL, NULL, NULL, NULL, NULL, NULL, NULL, NULL, NULL, NULL, NULL, 'Genap-2024-2025', '2024-05-02 23:59:00', '2024-05-02 23:59:00'),
(820, 2, 603, 8, NULL, NULL, NULL, NULL, NULL, NULL, NULL, NULL, NULL, NULL, NULL, 'Genap-2024-2025', '2024-05-02 23:59:00', '2024-05-02 23:59:00'),
(821, 2, 609, 8, NULL, NULL, NULL, NULL, NULL, NULL, NULL, NULL, NULL, NULL, NULL, 'Genap-2024-2025', '2024-05-02 23:59:00', '2024-05-02 23:59:00'),
(822, 2, 581, 8, NULL, NULL, NULL, NULL, NULL, NULL, NULL, NULL, NULL, NULL, NULL, 'Genap-2024-2025', '2024-05-02 23:59:00', '2024-05-02 23:59:00'),
(823, 2, 551, 8, NULL, NULL, NULL, NULL, NULL, NULL, NULL, NULL, NULL, NULL, NULL, 'Genap-2024-2025', '2024-05-02 23:59:00', '2024-05-02 23:59:00'),
(824, 2, 627, 8, NULL, NULL, NULL, NULL, NULL, NULL, NULL, NULL, NULL, NULL, NULL, 'Genap-2024-2025', '2024-05-02 23:59:00', '2024-05-02 23:59:00'),
(825, 2, 557, 8, NULL, NULL, NULL, NULL, NULL, NULL, NULL, NULL, NULL, NULL, NULL, 'Genap-2024-2025', '2024-05-02 23:59:00', '2024-05-02 23:59:00'),
(826, 2, 639, 8, NULL, NULL, NULL, NULL, NULL, NULL, NULL, NULL, NULL, NULL, NULL, 'Genap-2024-2025', '2024-05-02 23:59:00', '2024-05-02 23:59:00'),
(827, 2, 593, 8, NULL, NULL, NULL, NULL, NULL, NULL, NULL, NULL, NULL, NULL, NULL, 'Genap-2024-2025', '2024-05-02 23:59:00', '2024-05-02 23:59:00'),
(828, 2, 651, 8, NULL, NULL, NULL, NULL, NULL, NULL, NULL, NULL, NULL, NULL, NULL, 'Genap-2024-2025', '2024-05-02 23:59:00', '2024-05-02 23:59:00'),
(829, 2, 605, 8, NULL, NULL, NULL, NULL, NULL, NULL, NULL, NULL, NULL, NULL, NULL, 'Genap-2024-2025', '2024-05-02 23:59:00', '2024-05-02 23:59:00'),
(830, 2, 655, 8, NULL, NULL, NULL, NULL, NULL, NULL, NULL, NULL, NULL, NULL, NULL, 'Genap-2024-2025', '2024-05-02 23:59:00', '2024-05-02 23:59:00'),
(831, 2, 759, 8, NULL, NULL, NULL, NULL, NULL, NULL, NULL, NULL, NULL, NULL, NULL, 'Genap-2024-2025', '2024-05-02 23:59:00', '2024-05-02 23:59:00'),
(832, 2, 762, 8, NULL, NULL, NULL, NULL, NULL, NULL, NULL, NULL, NULL, NULL, NULL, 'Genap-2024-2025', '2024-05-02 23:59:00', '2024-05-02 23:59:00'),
(833, 2, 495, 6, NULL, NULL, NULL, NULL, NULL, NULL, NULL, NULL, NULL, NULL, NULL, 'Genap-2024-2025', '2024-05-03 00:00:14', '2024-05-03 00:00:14'),
(834, 2, 501, 6, NULL, NULL, NULL, NULL, NULL, NULL, NULL, NULL, NULL, NULL, NULL, 'Genap-2024-2025', '2024-05-03 00:00:14', '2024-05-03 00:00:14'),
(835, 2, 507, 6, NULL, NULL, NULL, NULL, NULL, NULL, NULL, NULL, NULL, NULL, NULL, 'Genap-2024-2025', '2024-05-03 00:00:14', '2024-05-03 00:00:14'),
(836, 2, 513, 6, NULL, NULL, NULL, NULL, NULL, NULL, NULL, NULL, NULL, NULL, NULL, 'Genap-2024-2025', '2024-05-03 00:00:14', '2024-05-03 00:00:14'),
(837, 2, 519, 6, NULL, NULL, NULL, NULL, NULL, NULL, NULL, NULL, NULL, NULL, NULL, 'Genap-2024-2025', '2024-05-03 00:00:14', '2024-05-03 00:00:14'),
(838, 2, 525, 6, NULL, NULL, NULL, NULL, NULL, NULL, NULL, NULL, NULL, NULL, NULL, 'Genap-2024-2025', '2024-05-03 00:00:14', '2024-05-03 00:00:14'),
(839, 2, 531, 6, NULL, NULL, NULL, NULL, NULL, NULL, NULL, NULL, NULL, NULL, NULL, 'Genap-2024-2025', '2024-05-03 00:00:14', '2024-05-03 00:00:14'),
(840, 2, 537, 6, NULL, NULL, NULL, NULL, NULL, NULL, NULL, NULL, NULL, NULL, NULL, 'Genap-2024-2025', '2024-05-03 00:00:14', '2024-05-03 00:00:14'),
(841, 2, 543, 6, NULL, NULL, NULL, NULL, NULL, NULL, NULL, NULL, NULL, NULL, NULL, 'Genap-2024-2025', '2024-05-03 00:00:14', '2024-05-03 00:00:14'),
(842, 2, 549, 6, NULL, NULL, NULL, NULL, NULL, NULL, NULL, NULL, NULL, NULL, NULL, 'Genap-2024-2025', '2024-05-03 00:00:15', '2024-05-03 00:00:15'),
(843, 2, 555, 6, NULL, NULL, NULL, NULL, NULL, NULL, NULL, NULL, NULL, NULL, NULL, 'Genap-2024-2025', '2024-05-03 00:00:15', '2024-05-03 00:00:15'),
(844, 2, 561, 6, NULL, NULL, NULL, NULL, NULL, NULL, NULL, NULL, NULL, NULL, NULL, 'Genap-2024-2025', '2024-05-03 00:00:15', '2024-05-03 00:00:15'),
(845, 2, 532, 6, 99, 89, 86, 68, 89, 90, NULL, 94, 87, NULL, NULL, 'Genap-2024-2025', '2024-05-03 00:00:15', '2024-05-03 00:00:29'),
(846, 2, 573, 6, NULL, NULL, NULL, NULL, NULL, NULL, NULL, NULL, NULL, NULL, NULL, 'Genap-2024-2025', '2024-05-03 00:00:15', '2024-05-03 00:00:15'),
(847, 2, 579, 6, NULL, NULL, NULL, NULL, NULL, NULL, NULL, NULL, NULL, NULL, NULL, 'Genap-2024-2025', '2024-05-03 00:00:15', '2024-05-03 00:00:15'),
(848, 2, 585, 6, NULL, NULL, NULL, NULL, NULL, NULL, NULL, NULL, NULL, NULL, NULL, 'Genap-2024-2025', '2024-05-03 00:00:15', '2024-05-03 00:00:15'),
(849, 2, 591, 6, NULL, NULL, NULL, NULL, NULL, NULL, NULL, NULL, NULL, NULL, NULL, 'Genap-2024-2025', '2024-05-03 00:00:15', '2024-05-03 00:00:15'),
(850, 2, 597, 6, NULL, NULL, NULL, NULL, NULL, NULL, NULL, NULL, NULL, NULL, NULL, 'Genap-2024-2025', '2024-05-03 00:00:15', '2024-05-03 00:00:15'),
(851, 2, 603, 6, NULL, NULL, NULL, NULL, NULL, NULL, NULL, NULL, NULL, NULL, NULL, 'Genap-2024-2025', '2024-05-03 00:00:15', '2024-05-03 00:00:15'),
(852, 2, 609, 6, NULL, NULL, NULL, NULL, NULL, NULL, NULL, NULL, NULL, NULL, NULL, 'Genap-2024-2025', '2024-05-03 00:00:15', '2024-05-03 00:00:15'),
(853, 2, 581, 6, NULL, NULL, NULL, NULL, NULL, NULL, NULL, NULL, NULL, NULL, NULL, 'Genap-2024-2025', '2024-05-03 00:00:16', '2024-05-03 00:00:16'),
(854, 2, 551, 6, NULL, NULL, NULL, NULL, NULL, NULL, NULL, NULL, NULL, NULL, NULL, 'Genap-2024-2025', '2024-05-03 00:00:16', '2024-05-03 00:00:16'),
(855, 2, 627, 6, NULL, NULL, NULL, NULL, NULL, NULL, NULL, NULL, NULL, NULL, NULL, 'Genap-2024-2025', '2024-05-03 00:00:16', '2024-05-03 00:00:16'),
(856, 2, 557, 6, NULL, NULL, NULL, NULL, NULL, NULL, NULL, NULL, NULL, NULL, NULL, 'Genap-2024-2025', '2024-05-03 00:00:16', '2024-05-03 00:00:16'),
(857, 2, 639, 6, NULL, NULL, NULL, NULL, NULL, NULL, NULL, NULL, NULL, NULL, NULL, 'Genap-2024-2025', '2024-05-03 00:00:16', '2024-05-03 00:00:16'),
(858, 2, 593, 6, NULL, NULL, NULL, NULL, NULL, NULL, NULL, NULL, NULL, NULL, NULL, 'Genap-2024-2025', '2024-05-03 00:00:16', '2024-05-03 00:00:16'),
(859, 2, 651, 6, NULL, NULL, NULL, NULL, NULL, NULL, NULL, NULL, NULL, NULL, NULL, 'Genap-2024-2025', '2024-05-03 00:00:16', '2024-05-03 00:00:16'),
(860, 2, 605, 6, NULL, NULL, NULL, NULL, NULL, NULL, NULL, NULL, NULL, NULL, NULL, 'Genap-2024-2025', '2024-05-03 00:00:16', '2024-05-03 00:00:16'),
(861, 2, 655, 6, NULL, NULL, NULL, NULL, NULL, NULL, NULL, NULL, NULL, NULL, NULL, 'Genap-2024-2025', '2024-05-03 00:00:16', '2024-05-03 00:00:16'),
(862, 2, 762, 6, NULL, NULL, NULL, NULL, NULL, NULL, NULL, NULL, NULL, NULL, NULL, 'Genap-2024-2025', '2024-05-03 00:00:16', '2024-05-03 00:00:16'),
(863, 2, 495, 5, NULL, NULL, NULL, NULL, NULL, NULL, NULL, NULL, NULL, NULL, NULL, 'Genap-2024-2025', '2024-05-03 00:01:29', '2024-05-03 00:01:29'),
(864, 2, 501, 5, NULL, NULL, NULL, NULL, NULL, NULL, NULL, NULL, NULL, NULL, NULL, 'Genap-2024-2025', '2024-05-03 00:01:29', '2024-05-03 00:01:29'),
(865, 2, 507, 5, NULL, NULL, NULL, NULL, NULL, NULL, NULL, NULL, NULL, NULL, NULL, 'Genap-2024-2025', '2024-05-03 00:01:29', '2024-05-03 00:01:29'),
(866, 2, 513, 5, NULL, NULL, NULL, NULL, NULL, NULL, NULL, NULL, NULL, NULL, NULL, 'Genap-2024-2025', '2024-05-03 00:01:29', '2024-05-03 00:01:29'),
(867, 2, 519, 5, NULL, NULL, NULL, NULL, NULL, NULL, NULL, NULL, NULL, NULL, NULL, 'Genap-2024-2025', '2024-05-03 00:01:29', '2024-05-03 00:01:29'),
(868, 2, 525, 5, NULL, NULL, NULL, NULL, NULL, NULL, NULL, NULL, NULL, NULL, NULL, 'Genap-2024-2025', '2024-05-03 00:01:29', '2024-05-03 00:01:29'),
(869, 2, 531, 5, NULL, NULL, NULL, NULL, NULL, NULL, NULL, NULL, NULL, NULL, NULL, 'Genap-2024-2025', '2024-05-03 00:01:29', '2024-05-03 00:01:29'),
(870, 2, 537, 5, NULL, NULL, NULL, NULL, NULL, NULL, NULL, NULL, NULL, NULL, NULL, 'Genap-2024-2025', '2024-05-03 00:01:29', '2024-05-03 00:01:29'),
(871, 2, 543, 5, NULL, NULL, NULL, NULL, NULL, NULL, NULL, NULL, NULL, NULL, NULL, 'Genap-2024-2025', '2024-05-03 00:01:29', '2024-05-03 00:01:29'),
(872, 2, 549, 5, NULL, NULL, NULL, NULL, NULL, NULL, NULL, NULL, NULL, NULL, NULL, 'Genap-2024-2025', '2024-05-03 00:01:29', '2024-05-03 00:01:29'),
(873, 2, 555, 5, NULL, NULL, NULL, NULL, NULL, NULL, NULL, NULL, NULL, NULL, NULL, 'Genap-2024-2025', '2024-05-03 00:01:29', '2024-05-03 00:01:29'),
(874, 2, 561, 5, NULL, NULL, NULL, NULL, NULL, NULL, NULL, NULL, NULL, NULL, NULL, 'Genap-2024-2025', '2024-05-03 00:01:29', '2024-05-03 00:01:29'),
(875, 2, 532, 5, 87, 88, 89, 80, 85, 90, NULL, 91, 95, NULL, NULL, 'Genap-2024-2025', '2024-05-03 00:01:29', '2024-05-03 00:01:43'),
(876, 2, 573, 5, NULL, NULL, NULL, NULL, NULL, NULL, NULL, NULL, NULL, NULL, NULL, 'Genap-2024-2025', '2024-05-03 00:01:29', '2024-05-03 00:01:29'),
(877, 2, 579, 5, NULL, NULL, NULL, NULL, NULL, NULL, NULL, NULL, NULL, NULL, NULL, 'Genap-2024-2025', '2024-05-03 00:01:29', '2024-05-03 00:01:29'),
(878, 2, 585, 5, NULL, NULL, NULL, NULL, NULL, NULL, NULL, NULL, NULL, NULL, NULL, 'Genap-2024-2025', '2024-05-03 00:01:29', '2024-05-03 00:01:29'),
(879, 2, 591, 5, NULL, NULL, NULL, NULL, NULL, NULL, NULL, NULL, NULL, NULL, NULL, 'Genap-2024-2025', '2024-05-03 00:01:29', '2024-05-03 00:01:29'),
(880, 2, 597, 5, NULL, NULL, NULL, NULL, NULL, NULL, NULL, NULL, NULL, NULL, NULL, 'Genap-2024-2025', '2024-05-03 00:01:29', '2024-05-03 00:01:29'),
(881, 2, 603, 5, NULL, NULL, NULL, NULL, NULL, NULL, NULL, NULL, NULL, NULL, NULL, 'Genap-2024-2025', '2024-05-03 00:01:29', '2024-05-03 00:01:29'),
(882, 2, 609, 5, NULL, NULL, NULL, NULL, NULL, NULL, NULL, NULL, NULL, NULL, NULL, 'Genap-2024-2025', '2024-05-03 00:01:29', '2024-05-03 00:01:29'),
(883, 2, 581, 5, NULL, NULL, NULL, NULL, NULL, NULL, NULL, NULL, NULL, NULL, NULL, 'Genap-2024-2025', '2024-05-03 00:01:29', '2024-05-03 00:01:29'),
(884, 2, 551, 5, NULL, NULL, NULL, NULL, NULL, NULL, NULL, NULL, NULL, NULL, NULL, 'Genap-2024-2025', '2024-05-03 00:01:29', '2024-05-03 00:01:29'),
(885, 2, 627, 5, NULL, NULL, NULL, NULL, NULL, NULL, NULL, NULL, NULL, NULL, NULL, 'Genap-2024-2025', '2024-05-03 00:01:29', '2024-05-03 00:01:29'),
(886, 2, 557, 5, NULL, NULL, NULL, NULL, NULL, NULL, NULL, NULL, NULL, NULL, NULL, 'Genap-2024-2025', '2024-05-03 00:01:29', '2024-05-03 00:01:29'),
(887, 2, 639, 5, NULL, NULL, NULL, NULL, NULL, NULL, NULL, NULL, NULL, NULL, NULL, 'Genap-2024-2025', '2024-05-03 00:01:29', '2024-05-03 00:01:29'),
(888, 2, 593, 5, NULL, NULL, NULL, NULL, NULL, NULL, NULL, NULL, NULL, NULL, NULL, 'Genap-2024-2025', '2024-05-03 00:01:29', '2024-05-03 00:01:29'),
(889, 2, 651, 5, NULL, NULL, NULL, NULL, NULL, NULL, NULL, NULL, NULL, NULL, NULL, 'Genap-2024-2025', '2024-05-03 00:01:29', '2024-05-03 00:01:29'),
(890, 2, 605, 5, NULL, NULL, NULL, NULL, NULL, NULL, NULL, NULL, NULL, NULL, NULL, 'Genap-2024-2025', '2024-05-03 00:01:29', '2024-05-03 00:01:29'),
(891, 2, 655, 5, NULL, NULL, NULL, NULL, NULL, NULL, NULL, NULL, NULL, NULL, NULL, 'Genap-2024-2025', '2024-05-03 00:01:29', '2024-05-03 00:01:29'),
(892, 2, 759, 5, NULL, NULL, NULL, NULL, NULL, NULL, NULL, NULL, NULL, NULL, NULL, 'Genap-2024-2025', '2024-05-03 00:01:29', '2024-05-03 00:01:29'),
(893, 2, 762, 5, NULL, NULL, NULL, NULL, NULL, NULL, NULL, NULL, NULL, NULL, NULL, 'Genap-2024-2025', '2024-05-03 00:01:29', '2024-05-03 00:01:29'),
(894, 2, 495, 9, NULL, NULL, NULL, NULL, NULL, NULL, NULL, NULL, NULL, NULL, NULL, 'Genap-2024-2025', '2024-05-03 00:07:20', '2024-05-03 00:07:20'),
(895, 2, 501, 9, NULL, NULL, NULL, NULL, NULL, NULL, NULL, NULL, NULL, NULL, NULL, 'Genap-2024-2025', '2024-05-03 00:07:20', '2024-05-03 00:07:20'),
(896, 2, 507, 9, NULL, NULL, NULL, NULL, NULL, NULL, NULL, NULL, NULL, NULL, NULL, 'Genap-2024-2025', '2024-05-03 00:07:20', '2024-05-03 00:07:20'),
(897, 2, 513, 9, NULL, NULL, NULL, NULL, NULL, NULL, NULL, NULL, NULL, NULL, NULL, 'Genap-2024-2025', '2024-05-03 00:07:20', '2024-05-03 00:07:20'),
(898, 2, 519, 9, NULL, NULL, NULL, NULL, NULL, NULL, NULL, NULL, NULL, NULL, NULL, 'Genap-2024-2025', '2024-05-03 00:07:20', '2024-05-03 00:07:20'),
(899, 2, 525, 9, NULL, NULL, NULL, NULL, NULL, NULL, NULL, NULL, NULL, NULL, NULL, 'Genap-2024-2025', '2024-05-03 00:07:20', '2024-05-03 00:07:20'),
(900, 2, 531, 9, NULL, NULL, NULL, NULL, NULL, NULL, NULL, NULL, NULL, NULL, NULL, 'Genap-2024-2025', '2024-05-03 00:07:20', '2024-05-03 00:07:20'),
(901, 2, 537, 9, NULL, NULL, NULL, NULL, NULL, NULL, NULL, NULL, NULL, NULL, NULL, 'Genap-2024-2025', '2024-05-03 00:07:20', '2024-05-03 00:07:20'),
(902, 2, 543, 9, NULL, NULL, NULL, NULL, NULL, NULL, NULL, NULL, NULL, NULL, NULL, 'Genap-2024-2025', '2024-05-03 00:07:20', '2024-05-03 00:07:20'),
(903, 2, 549, 9, NULL, NULL, NULL, NULL, NULL, NULL, NULL, NULL, NULL, NULL, NULL, 'Genap-2024-2025', '2024-05-03 00:07:20', '2024-05-03 00:07:20'),
(904, 2, 555, 9, NULL, NULL, NULL, NULL, NULL, NULL, NULL, NULL, NULL, NULL, NULL, 'Genap-2024-2025', '2024-05-03 00:07:20', '2024-05-03 00:07:20'),
(905, 2, 561, 9, NULL, NULL, NULL, NULL, NULL, NULL, NULL, NULL, NULL, NULL, NULL, 'Genap-2024-2025', '2024-05-03 00:07:20', '2024-05-03 00:07:20'),
(906, 2, 532, 9, 99, 89, 88, 87, 76, 85, NULL, 95, 85, NULL, NULL, 'Genap-2024-2025', '2024-05-03 00:07:20', '2024-05-03 00:07:33'),
(907, 2, 573, 9, NULL, NULL, NULL, NULL, NULL, NULL, NULL, NULL, NULL, NULL, NULL, 'Genap-2024-2025', '2024-05-03 00:07:20', '2024-05-03 00:07:20'),
(908, 2, 579, 9, NULL, NULL, NULL, NULL, NULL, NULL, NULL, NULL, NULL, NULL, NULL, 'Genap-2024-2025', '2024-05-03 00:07:20', '2024-05-03 00:07:20'),
(909, 2, 585, 9, NULL, NULL, NULL, NULL, NULL, NULL, NULL, NULL, NULL, NULL, NULL, 'Genap-2024-2025', '2024-05-03 00:07:20', '2024-05-03 00:07:20'),
(910, 2, 591, 9, NULL, NULL, NULL, NULL, NULL, NULL, NULL, NULL, NULL, NULL, NULL, 'Genap-2024-2025', '2024-05-03 00:07:20', '2024-05-03 00:07:20'),
(911, 2, 597, 9, NULL, NULL, NULL, NULL, NULL, NULL, NULL, NULL, NULL, NULL, NULL, 'Genap-2024-2025', '2024-05-03 00:07:20', '2024-05-03 00:07:20'),
(912, 2, 603, 9, NULL, NULL, NULL, NULL, NULL, NULL, NULL, NULL, NULL, NULL, NULL, 'Genap-2024-2025', '2024-05-03 00:07:20', '2024-05-03 00:07:20'),
(913, 2, 609, 9, NULL, NULL, NULL, NULL, NULL, NULL, NULL, NULL, NULL, NULL, NULL, 'Genap-2024-2025', '2024-05-03 00:07:20', '2024-05-03 00:07:20'),
(914, 2, 581, 9, NULL, NULL, NULL, NULL, NULL, NULL, NULL, NULL, NULL, NULL, NULL, 'Genap-2024-2025', '2024-05-03 00:07:20', '2024-05-03 00:07:20'),
(915, 2, 551, 9, NULL, NULL, NULL, NULL, NULL, NULL, NULL, NULL, NULL, NULL, NULL, 'Genap-2024-2025', '2024-05-03 00:07:20', '2024-05-03 00:07:20'),
(916, 2, 627, 9, NULL, NULL, NULL, NULL, NULL, NULL, NULL, NULL, NULL, NULL, NULL, 'Genap-2024-2025', '2024-05-03 00:07:20', '2024-05-03 00:07:20'),
(917, 2, 557, 9, NULL, NULL, NULL, NULL, NULL, NULL, NULL, NULL, NULL, NULL, NULL, 'Genap-2024-2025', '2024-05-03 00:07:20', '2024-05-03 00:07:20'),
(918, 2, 639, 9, NULL, NULL, NULL, NULL, NULL, NULL, NULL, NULL, NULL, NULL, NULL, 'Genap-2024-2025', '2024-05-03 00:07:20', '2024-05-03 00:07:20'),
(919, 2, 593, 9, NULL, NULL, NULL, NULL, NULL, NULL, NULL, NULL, NULL, NULL, NULL, 'Genap-2024-2025', '2024-05-03 00:07:20', '2024-05-03 00:07:20'),
(920, 2, 651, 9, NULL, NULL, NULL, NULL, NULL, NULL, NULL, NULL, NULL, NULL, NULL, 'Genap-2024-2025', '2024-05-03 00:07:20', '2024-05-03 00:07:20'),
(921, 2, 605, 9, NULL, NULL, NULL, NULL, NULL, NULL, NULL, NULL, NULL, NULL, NULL, 'Genap-2024-2025', '2024-05-03 00:07:20', '2024-05-03 00:07:20'),
(922, 2, 655, 9, NULL, NULL, NULL, NULL, NULL, NULL, NULL, NULL, NULL, NULL, NULL, 'Genap-2024-2025', '2024-05-03 00:07:20', '2024-05-03 00:07:20'),
(923, 2, 759, 9, NULL, NULL, NULL, NULL, NULL, NULL, NULL, NULL, NULL, NULL, NULL, 'Genap-2024-2025', '2024-05-03 00:07:20', '2024-05-03 00:07:20'),
(924, 2, 762, 9, NULL, NULL, NULL, NULL, NULL, NULL, NULL, NULL, NULL, NULL, NULL, 'Genap-2024-2025', '2024-05-03 00:07:20', '2024-05-03 00:07:20');
INSERT INTO `nilai` (`id`, `id_kelas`, `id_siswa`, `id_mapel`, `lm1`, `lm2`, `lm3`, `lm4`, `lm5`, `lm6`, `rata_rata_lm`, `tes`, `non_tes`, `rata_rata_sas`, `nilai_akhir`, `tahun_ajaran`, `created_at`, `updated_at`) VALUES
(925, 3, 497, 1, NULL, NULL, NULL, NULL, NULL, NULL, NULL, NULL, NULL, NULL, NULL, 'Genap-2024-2025', '2024-05-03 00:22:34', '2024-05-03 00:22:34'),
(926, 3, 503, 1, NULL, NULL, NULL, NULL, NULL, NULL, NULL, NULL, NULL, NULL, NULL, 'Genap-2024-2025', '2024-05-03 00:22:34', '2024-05-03 00:22:34'),
(927, 3, 509, 1, NULL, NULL, NULL, NULL, NULL, NULL, NULL, NULL, NULL, NULL, NULL, 'Genap-2024-2025', '2024-05-03 00:22:34', '2024-05-03 00:22:34'),
(928, 3, 515, 1, NULL, NULL, NULL, NULL, NULL, NULL, NULL, NULL, NULL, NULL, NULL, 'Genap-2024-2025', '2024-05-03 00:22:34', '2024-05-03 00:22:34'),
(929, 3, 521, 1, 99, 99, 99, 99, 99, 99, NULL, 99, 99, NULL, NULL, 'Genap-2024-2025', '2024-05-03 00:22:34', '2024-05-03 00:22:50'),
(930, 3, 527, 1, NULL, NULL, NULL, NULL, NULL, NULL, NULL, NULL, NULL, NULL, NULL, 'Genap-2024-2025', '2024-05-03 00:22:34', '2024-05-03 00:22:34'),
(931, 3, 533, 1, NULL, NULL, NULL, NULL, NULL, NULL, NULL, NULL, NULL, NULL, NULL, 'Genap-2024-2025', '2024-05-03 00:22:34', '2024-05-03 00:22:34'),
(932, 3, 539, 1, NULL, NULL, NULL, NULL, NULL, NULL, NULL, NULL, NULL, NULL, NULL, 'Genap-2024-2025', '2024-05-03 00:22:34', '2024-05-03 00:22:34'),
(933, 3, 513, 1, NULL, NULL, NULL, NULL, NULL, NULL, NULL, NULL, NULL, NULL, NULL, 'Genap-2024-2025', '2024-05-03 00:22:34', '2024-05-03 00:22:34'),
(934, 3, 551, 1, NULL, NULL, NULL, NULL, NULL, NULL, NULL, NULL, NULL, NULL, NULL, 'Genap-2024-2025', '2024-05-03 00:22:34', '2024-05-03 00:22:34'),
(935, 3, 557, 1, NULL, NULL, NULL, NULL, NULL, NULL, NULL, NULL, NULL, NULL, NULL, 'Genap-2024-2025', '2024-05-03 00:22:34', '2024-05-03 00:22:34'),
(936, 3, 569, 1, NULL, NULL, NULL, NULL, NULL, NULL, NULL, NULL, NULL, NULL, NULL, 'Genap-2024-2025', '2024-05-03 00:22:34', '2024-05-03 00:22:34'),
(937, 3, 575, 1, NULL, NULL, NULL, NULL, NULL, NULL, NULL, NULL, NULL, NULL, NULL, 'Genap-2024-2025', '2024-05-03 00:22:34', '2024-05-03 00:22:34'),
(938, 3, 581, 1, NULL, NULL, NULL, NULL, NULL, NULL, NULL, NULL, NULL, NULL, NULL, 'Genap-2024-2025', '2024-05-03 00:22:34', '2024-05-03 00:22:34'),
(939, 3, 587, 1, NULL, NULL, NULL, NULL, NULL, NULL, NULL, NULL, NULL, NULL, NULL, 'Genap-2024-2025', '2024-05-03 00:22:34', '2024-05-03 00:22:34'),
(940, 3, 593, 1, NULL, NULL, NULL, NULL, NULL, NULL, NULL, NULL, NULL, NULL, NULL, 'Genap-2024-2025', '2024-05-03 00:22:34', '2024-05-03 00:22:34'),
(941, 3, 564, 1, NULL, NULL, NULL, NULL, NULL, NULL, NULL, NULL, NULL, NULL, NULL, 'Genap-2024-2025', '2024-05-03 00:22:34', '2024-05-03 00:22:34'),
(942, 3, 605, 1, NULL, NULL, NULL, NULL, NULL, NULL, NULL, NULL, NULL, NULL, NULL, 'Genap-2024-2025', '2024-05-03 00:22:34', '2024-05-03 00:22:34'),
(943, 3, 591, 1, NULL, NULL, NULL, NULL, NULL, NULL, NULL, NULL, NULL, NULL, NULL, 'Genap-2024-2025', '2024-05-03 00:22:34', '2024-05-03 00:22:34'),
(944, 3, 594, 1, NULL, NULL, NULL, NULL, NULL, NULL, NULL, NULL, NULL, NULL, NULL, 'Genap-2024-2025', '2024-05-03 00:22:34', '2024-05-03 00:22:34'),
(945, 3, 623, 1, NULL, NULL, NULL, NULL, NULL, NULL, NULL, NULL, NULL, NULL, NULL, 'Genap-2024-2025', '2024-05-03 00:22:34', '2024-05-03 00:22:34'),
(946, 3, 629, 1, NULL, NULL, NULL, NULL, NULL, NULL, NULL, NULL, NULL, NULL, NULL, 'Genap-2024-2025', '2024-05-03 00:22:34', '2024-05-03 00:22:34'),
(947, 3, 601, 1, NULL, NULL, NULL, NULL, NULL, NULL, NULL, NULL, NULL, NULL, NULL, 'Genap-2024-2025', '2024-05-03 00:22:34', '2024-05-03 00:22:34'),
(948, 3, 560, 1, NULL, NULL, NULL, NULL, NULL, NULL, NULL, NULL, NULL, NULL, NULL, 'Genap-2024-2025', '2024-05-03 00:22:34', '2024-05-03 00:22:34'),
(949, 3, 653, 1, NULL, NULL, NULL, NULL, NULL, NULL, NULL, NULL, NULL, NULL, NULL, 'Genap-2024-2025', '2024-05-03 00:22:34', '2024-05-03 00:22:34'),
(950, 3, 655, 1, NULL, NULL, NULL, NULL, NULL, NULL, NULL, NULL, NULL, NULL, NULL, 'Genap-2024-2025', '2024-05-03 00:22:34', '2024-05-03 00:22:34'),
(951, 3, 574, 1, NULL, NULL, NULL, NULL, NULL, NULL, NULL, NULL, NULL, NULL, NULL, 'Genap-2024-2025', '2024-05-03 00:22:34', '2024-05-03 00:22:34'),
(952, 3, 497, 2, NULL, NULL, NULL, NULL, NULL, NULL, NULL, NULL, NULL, NULL, NULL, 'Genap-2024-2025', '2024-05-03 00:22:57', '2024-05-03 00:22:57'),
(953, 3, 503, 2, NULL, NULL, NULL, NULL, NULL, NULL, NULL, NULL, NULL, NULL, NULL, 'Genap-2024-2025', '2024-05-03 00:22:57', '2024-05-03 00:22:57'),
(954, 3, 509, 2, NULL, NULL, NULL, NULL, NULL, NULL, NULL, NULL, NULL, NULL, NULL, 'Genap-2024-2025', '2024-05-03 00:22:57', '2024-05-03 00:22:57'),
(955, 3, 515, 2, NULL, NULL, NULL, NULL, NULL, NULL, NULL, NULL, NULL, NULL, NULL, 'Genap-2024-2025', '2024-05-03 00:22:57', '2024-05-03 00:22:57'),
(956, 3, 521, 2, 88, 88, 88, 88, 88, 88, NULL, 88, 88, NULL, NULL, 'Genap-2024-2025', '2024-05-03 00:22:57', '2024-05-03 00:23:04'),
(957, 3, 527, 2, NULL, NULL, NULL, NULL, NULL, NULL, NULL, NULL, NULL, NULL, NULL, 'Genap-2024-2025', '2024-05-03 00:22:57', '2024-05-03 00:22:57'),
(958, 3, 533, 2, NULL, NULL, NULL, NULL, NULL, NULL, NULL, NULL, NULL, NULL, NULL, 'Genap-2024-2025', '2024-05-03 00:22:57', '2024-05-03 00:22:57'),
(959, 3, 539, 2, NULL, NULL, NULL, NULL, NULL, NULL, NULL, NULL, NULL, NULL, NULL, 'Genap-2024-2025', '2024-05-03 00:22:57', '2024-05-03 00:22:57'),
(960, 3, 513, 2, NULL, NULL, NULL, NULL, NULL, NULL, NULL, NULL, NULL, NULL, NULL, 'Genap-2024-2025', '2024-05-03 00:22:57', '2024-05-03 00:22:57'),
(961, 3, 551, 2, NULL, NULL, NULL, NULL, NULL, NULL, NULL, NULL, NULL, NULL, NULL, 'Genap-2024-2025', '2024-05-03 00:22:57', '2024-05-03 00:22:57'),
(962, 3, 557, 2, NULL, NULL, NULL, NULL, NULL, NULL, NULL, NULL, NULL, NULL, NULL, 'Genap-2024-2025', '2024-05-03 00:22:57', '2024-05-03 00:22:57'),
(963, 3, 569, 2, NULL, NULL, NULL, NULL, NULL, NULL, NULL, NULL, NULL, NULL, NULL, 'Genap-2024-2025', '2024-05-03 00:22:57', '2024-05-03 00:22:57'),
(964, 3, 575, 2, NULL, NULL, NULL, NULL, NULL, NULL, NULL, NULL, NULL, NULL, NULL, 'Genap-2024-2025', '2024-05-03 00:22:57', '2024-05-03 00:22:57'),
(965, 3, 581, 2, NULL, NULL, NULL, NULL, NULL, NULL, NULL, NULL, NULL, NULL, NULL, 'Genap-2024-2025', '2024-05-03 00:22:57', '2024-05-03 00:22:57'),
(966, 3, 587, 2, NULL, NULL, NULL, NULL, NULL, NULL, NULL, NULL, NULL, NULL, NULL, 'Genap-2024-2025', '2024-05-03 00:22:57', '2024-05-03 00:22:57'),
(967, 3, 593, 2, NULL, NULL, NULL, NULL, NULL, NULL, NULL, NULL, NULL, NULL, NULL, 'Genap-2024-2025', '2024-05-03 00:22:57', '2024-05-03 00:22:57'),
(968, 3, 564, 2, NULL, NULL, NULL, NULL, NULL, NULL, NULL, NULL, NULL, NULL, NULL, 'Genap-2024-2025', '2024-05-03 00:22:57', '2024-05-03 00:22:57'),
(969, 3, 605, 2, NULL, NULL, NULL, NULL, NULL, NULL, NULL, NULL, NULL, NULL, NULL, 'Genap-2024-2025', '2024-05-03 00:22:57', '2024-05-03 00:22:57'),
(970, 3, 591, 2, NULL, NULL, NULL, NULL, NULL, NULL, NULL, NULL, NULL, NULL, NULL, 'Genap-2024-2025', '2024-05-03 00:22:57', '2024-05-03 00:22:57'),
(971, 3, 594, 2, NULL, NULL, NULL, NULL, NULL, NULL, NULL, NULL, NULL, NULL, NULL, 'Genap-2024-2025', '2024-05-03 00:22:57', '2024-05-03 00:22:57'),
(972, 3, 623, 2, NULL, NULL, NULL, NULL, NULL, NULL, NULL, NULL, NULL, NULL, NULL, 'Genap-2024-2025', '2024-05-03 00:22:57', '2024-05-03 00:22:57'),
(973, 3, 629, 2, NULL, NULL, NULL, NULL, NULL, NULL, NULL, NULL, NULL, NULL, NULL, 'Genap-2024-2025', '2024-05-03 00:22:57', '2024-05-03 00:22:57'),
(974, 3, 601, 2, NULL, NULL, NULL, NULL, NULL, NULL, NULL, NULL, NULL, NULL, NULL, 'Genap-2024-2025', '2024-05-03 00:22:57', '2024-05-03 00:22:57'),
(975, 3, 560, 2, NULL, NULL, NULL, NULL, NULL, NULL, NULL, NULL, NULL, NULL, NULL, 'Genap-2024-2025', '2024-05-03 00:22:57', '2024-05-03 00:22:57'),
(976, 3, 653, 2, NULL, NULL, NULL, NULL, NULL, NULL, NULL, NULL, NULL, NULL, NULL, 'Genap-2024-2025', '2024-05-03 00:22:57', '2024-05-03 00:22:57'),
(977, 3, 655, 2, NULL, NULL, NULL, NULL, NULL, NULL, NULL, NULL, NULL, NULL, NULL, 'Genap-2024-2025', '2024-05-03 00:22:57', '2024-05-03 00:22:57'),
(978, 3, 574, 2, NULL, NULL, NULL, NULL, NULL, NULL, NULL, NULL, NULL, NULL, NULL, 'Genap-2024-2025', '2024-05-03 00:22:57', '2024-05-03 00:22:57'),
(979, 3, 497, 3, NULL, NULL, NULL, NULL, NULL, NULL, NULL, NULL, NULL, NULL, NULL, 'Genap-2024-2025', '2024-05-03 00:23:09', '2024-05-03 00:23:09'),
(980, 3, 503, 3, NULL, NULL, NULL, NULL, NULL, NULL, NULL, NULL, NULL, NULL, NULL, 'Genap-2024-2025', '2024-05-03 00:23:09', '2024-05-03 00:23:09'),
(981, 3, 509, 3, NULL, NULL, NULL, NULL, NULL, NULL, NULL, NULL, NULL, NULL, NULL, 'Genap-2024-2025', '2024-05-03 00:23:09', '2024-05-03 00:23:09'),
(982, 3, 515, 3, NULL, NULL, NULL, NULL, NULL, NULL, NULL, NULL, NULL, NULL, NULL, 'Genap-2024-2025', '2024-05-03 00:23:09', '2024-05-03 00:23:09'),
(983, 3, 521, 3, 77, 77, 77, 77, 77, 77, NULL, 77, 77, NULL, NULL, 'Genap-2024-2025', '2024-05-03 00:23:09', '2024-05-03 00:23:15'),
(984, 3, 527, 3, NULL, NULL, NULL, NULL, NULL, NULL, NULL, NULL, NULL, NULL, NULL, 'Genap-2024-2025', '2024-05-03 00:23:09', '2024-05-03 00:23:09'),
(985, 3, 533, 3, NULL, NULL, NULL, NULL, NULL, NULL, NULL, NULL, NULL, NULL, NULL, 'Genap-2024-2025', '2024-05-03 00:23:09', '2024-05-03 00:23:09'),
(986, 3, 539, 3, NULL, NULL, NULL, NULL, NULL, NULL, NULL, NULL, NULL, NULL, NULL, 'Genap-2024-2025', '2024-05-03 00:23:09', '2024-05-03 00:23:09'),
(987, 3, 513, 3, NULL, NULL, NULL, NULL, NULL, NULL, NULL, NULL, NULL, NULL, NULL, 'Genap-2024-2025', '2024-05-03 00:23:09', '2024-05-03 00:23:09'),
(988, 3, 551, 3, NULL, NULL, NULL, NULL, NULL, NULL, NULL, NULL, NULL, NULL, NULL, 'Genap-2024-2025', '2024-05-03 00:23:09', '2024-05-03 00:23:09'),
(989, 3, 557, 3, NULL, NULL, NULL, NULL, NULL, NULL, NULL, NULL, NULL, NULL, NULL, 'Genap-2024-2025', '2024-05-03 00:23:09', '2024-05-03 00:23:09'),
(990, 3, 569, 3, NULL, NULL, NULL, NULL, NULL, NULL, NULL, NULL, NULL, NULL, NULL, 'Genap-2024-2025', '2024-05-03 00:23:09', '2024-05-03 00:23:09'),
(991, 3, 575, 3, NULL, NULL, NULL, NULL, NULL, NULL, NULL, NULL, NULL, NULL, NULL, 'Genap-2024-2025', '2024-05-03 00:23:09', '2024-05-03 00:23:09'),
(992, 3, 581, 3, NULL, NULL, NULL, NULL, NULL, NULL, NULL, NULL, NULL, NULL, NULL, 'Genap-2024-2025', '2024-05-03 00:23:09', '2024-05-03 00:23:09'),
(993, 3, 587, 3, NULL, NULL, NULL, NULL, NULL, NULL, NULL, NULL, NULL, NULL, NULL, 'Genap-2024-2025', '2024-05-03 00:23:09', '2024-05-03 00:23:09'),
(994, 3, 593, 3, NULL, NULL, NULL, NULL, NULL, NULL, NULL, NULL, NULL, NULL, NULL, 'Genap-2024-2025', '2024-05-03 00:23:09', '2024-05-03 00:23:09'),
(995, 3, 564, 3, NULL, NULL, NULL, NULL, NULL, NULL, NULL, NULL, NULL, NULL, NULL, 'Genap-2024-2025', '2024-05-03 00:23:09', '2024-05-03 00:23:09'),
(996, 3, 605, 3, NULL, NULL, NULL, NULL, NULL, NULL, NULL, NULL, NULL, NULL, NULL, 'Genap-2024-2025', '2024-05-03 00:23:09', '2024-05-03 00:23:09'),
(997, 3, 591, 3, NULL, NULL, NULL, NULL, NULL, NULL, NULL, NULL, NULL, NULL, NULL, 'Genap-2024-2025', '2024-05-03 00:23:09', '2024-05-03 00:23:09'),
(998, 3, 594, 3, NULL, NULL, NULL, NULL, NULL, NULL, NULL, NULL, NULL, NULL, NULL, 'Genap-2024-2025', '2024-05-03 00:23:09', '2024-05-03 00:23:09'),
(999, 3, 623, 3, NULL, NULL, NULL, NULL, NULL, NULL, NULL, NULL, NULL, NULL, NULL, 'Genap-2024-2025', '2024-05-03 00:23:09', '2024-05-03 00:23:09'),
(1000, 3, 629, 3, NULL, NULL, NULL, NULL, NULL, NULL, NULL, NULL, NULL, NULL, NULL, 'Genap-2024-2025', '2024-05-03 00:23:09', '2024-05-03 00:23:09'),
(1001, 3, 601, 3, NULL, NULL, NULL, NULL, NULL, NULL, NULL, NULL, NULL, NULL, NULL, 'Genap-2024-2025', '2024-05-03 00:23:09', '2024-05-03 00:23:09'),
(1002, 3, 560, 3, NULL, NULL, NULL, NULL, NULL, NULL, NULL, NULL, NULL, NULL, NULL, 'Genap-2024-2025', '2024-05-03 00:23:09', '2024-05-03 00:23:09'),
(1003, 3, 653, 3, NULL, NULL, NULL, NULL, NULL, NULL, NULL, NULL, NULL, NULL, NULL, 'Genap-2024-2025', '2024-05-03 00:23:09', '2024-05-03 00:23:09'),
(1004, 3, 655, 3, NULL, NULL, NULL, NULL, NULL, NULL, NULL, NULL, NULL, NULL, NULL, 'Genap-2024-2025', '2024-05-03 00:23:09', '2024-05-03 00:23:09'),
(1005, 3, 574, 3, NULL, NULL, NULL, NULL, NULL, NULL, NULL, NULL, NULL, NULL, NULL, 'Genap-2024-2025', '2024-05-03 00:23:09', '2024-05-03 00:23:09'),
(1006, 3, 497, 4, NULL, NULL, NULL, NULL, NULL, NULL, NULL, NULL, NULL, NULL, NULL, 'Genap-2024-2025', '2024-05-03 00:23:29', '2024-05-03 00:23:29'),
(1007, 3, 503, 4, NULL, NULL, NULL, NULL, NULL, NULL, NULL, NULL, NULL, NULL, NULL, 'Genap-2024-2025', '2024-05-03 00:23:29', '2024-05-03 00:23:29'),
(1008, 3, 509, 4, NULL, NULL, NULL, NULL, NULL, NULL, NULL, NULL, NULL, NULL, NULL, 'Genap-2024-2025', '2024-05-03 00:23:29', '2024-05-03 00:23:29'),
(1009, 3, 515, 4, NULL, NULL, NULL, NULL, NULL, NULL, NULL, NULL, NULL, NULL, NULL, 'Genap-2024-2025', '2024-05-03 00:23:29', '2024-05-03 00:23:29'),
(1010, 3, 521, 4, 89, 89, 89, 89, 89, 89, NULL, 98, 89, NULL, NULL, 'Genap-2024-2025', '2024-05-03 00:23:29', '2024-05-03 00:23:36'),
(1011, 3, 527, 4, NULL, NULL, NULL, NULL, NULL, NULL, NULL, NULL, NULL, NULL, NULL, 'Genap-2024-2025', '2024-05-03 00:23:29', '2024-05-03 00:23:29'),
(1012, 3, 533, 4, NULL, NULL, NULL, NULL, NULL, NULL, NULL, NULL, NULL, NULL, NULL, 'Genap-2024-2025', '2024-05-03 00:23:29', '2024-05-03 00:23:29'),
(1013, 3, 539, 4, NULL, NULL, NULL, NULL, NULL, NULL, NULL, NULL, NULL, NULL, NULL, 'Genap-2024-2025', '2024-05-03 00:23:29', '2024-05-03 00:23:29'),
(1014, 3, 513, 4, NULL, NULL, NULL, NULL, NULL, NULL, NULL, NULL, NULL, NULL, NULL, 'Genap-2024-2025', '2024-05-03 00:23:29', '2024-05-03 00:23:29'),
(1015, 3, 551, 4, NULL, NULL, NULL, NULL, NULL, NULL, NULL, NULL, NULL, NULL, NULL, 'Genap-2024-2025', '2024-05-03 00:23:29', '2024-05-03 00:23:29'),
(1016, 3, 557, 4, NULL, NULL, NULL, NULL, NULL, NULL, NULL, NULL, NULL, NULL, NULL, 'Genap-2024-2025', '2024-05-03 00:23:29', '2024-05-03 00:23:29'),
(1017, 3, 569, 4, NULL, NULL, NULL, NULL, NULL, NULL, NULL, NULL, NULL, NULL, NULL, 'Genap-2024-2025', '2024-05-03 00:23:29', '2024-05-03 00:23:29'),
(1018, 3, 575, 4, NULL, NULL, NULL, NULL, NULL, NULL, NULL, NULL, NULL, NULL, NULL, 'Genap-2024-2025', '2024-05-03 00:23:29', '2024-05-03 00:23:29'),
(1019, 3, 581, 4, NULL, NULL, NULL, NULL, NULL, NULL, NULL, NULL, NULL, NULL, NULL, 'Genap-2024-2025', '2024-05-03 00:23:29', '2024-05-03 00:23:29'),
(1020, 3, 587, 4, NULL, NULL, NULL, NULL, NULL, NULL, NULL, NULL, NULL, NULL, NULL, 'Genap-2024-2025', '2024-05-03 00:23:29', '2024-05-03 00:23:29'),
(1021, 3, 593, 4, NULL, NULL, NULL, NULL, NULL, NULL, NULL, NULL, NULL, NULL, NULL, 'Genap-2024-2025', '2024-05-03 00:23:29', '2024-05-03 00:23:29'),
(1022, 3, 564, 4, NULL, NULL, NULL, NULL, NULL, NULL, NULL, NULL, NULL, NULL, NULL, 'Genap-2024-2025', '2024-05-03 00:23:29', '2024-05-03 00:23:29'),
(1023, 3, 605, 4, NULL, NULL, NULL, NULL, NULL, NULL, NULL, NULL, NULL, NULL, NULL, 'Genap-2024-2025', '2024-05-03 00:23:29', '2024-05-03 00:23:29'),
(1024, 3, 591, 4, NULL, NULL, NULL, NULL, NULL, NULL, NULL, NULL, NULL, NULL, NULL, 'Genap-2024-2025', '2024-05-03 00:23:29', '2024-05-03 00:23:29'),
(1025, 3, 594, 4, NULL, NULL, NULL, NULL, NULL, NULL, NULL, NULL, NULL, NULL, NULL, 'Genap-2024-2025', '2024-05-03 00:23:29', '2024-05-03 00:23:29'),
(1026, 3, 623, 4, NULL, NULL, NULL, NULL, NULL, NULL, NULL, NULL, NULL, NULL, NULL, 'Genap-2024-2025', '2024-05-03 00:23:29', '2024-05-03 00:23:29'),
(1027, 3, 629, 4, NULL, NULL, NULL, NULL, NULL, NULL, NULL, NULL, NULL, NULL, NULL, 'Genap-2024-2025', '2024-05-03 00:23:29', '2024-05-03 00:23:29'),
(1028, 3, 601, 4, NULL, NULL, NULL, NULL, NULL, NULL, NULL, NULL, NULL, NULL, NULL, 'Genap-2024-2025', '2024-05-03 00:23:29', '2024-05-03 00:23:29'),
(1029, 3, 560, 4, NULL, NULL, NULL, NULL, NULL, NULL, NULL, NULL, NULL, NULL, NULL, 'Genap-2024-2025', '2024-05-03 00:23:29', '2024-05-03 00:23:29'),
(1030, 3, 653, 4, NULL, NULL, NULL, NULL, NULL, NULL, NULL, NULL, NULL, NULL, NULL, 'Genap-2024-2025', '2024-05-03 00:23:29', '2024-05-03 00:23:29'),
(1031, 3, 655, 4, NULL, NULL, NULL, NULL, NULL, NULL, NULL, NULL, NULL, NULL, NULL, 'Genap-2024-2025', '2024-05-03 00:23:29', '2024-05-03 00:23:29'),
(1032, 3, 574, 4, NULL, NULL, NULL, NULL, NULL, NULL, NULL, NULL, NULL, NULL, NULL, 'Genap-2024-2025', '2024-05-03 00:23:29', '2024-05-03 00:23:29'),
(1033, 3, 497, 8, NULL, NULL, NULL, NULL, NULL, NULL, NULL, NULL, NULL, NULL, NULL, 'Genap-2024-2025', '2024-05-03 00:23:43', '2024-05-03 00:23:43'),
(1034, 3, 503, 8, NULL, NULL, NULL, NULL, NULL, NULL, NULL, NULL, NULL, NULL, NULL, 'Genap-2024-2025', '2024-05-03 00:23:43', '2024-05-03 00:23:43'),
(1035, 3, 509, 8, NULL, NULL, NULL, NULL, NULL, NULL, NULL, NULL, NULL, NULL, NULL, 'Genap-2024-2025', '2024-05-03 00:23:43', '2024-05-03 00:23:43'),
(1036, 3, 515, 8, NULL, NULL, NULL, NULL, NULL, NULL, NULL, NULL, NULL, NULL, NULL, 'Genap-2024-2025', '2024-05-03 00:23:43', '2024-05-03 00:23:43'),
(1037, 3, 521, 8, 89, 98, 76, 78, 99, 99, NULL, 88, 88, NULL, NULL, 'Genap-2024-2025', '2024-05-03 00:23:43', '2024-05-03 00:23:55'),
(1038, 3, 527, 8, NULL, NULL, NULL, NULL, NULL, NULL, NULL, NULL, NULL, NULL, NULL, 'Genap-2024-2025', '2024-05-03 00:23:43', '2024-05-03 00:23:43'),
(1039, 3, 533, 8, NULL, NULL, NULL, NULL, NULL, NULL, NULL, NULL, NULL, NULL, NULL, 'Genap-2024-2025', '2024-05-03 00:23:43', '2024-05-03 00:23:43'),
(1040, 3, 539, 8, NULL, NULL, NULL, NULL, NULL, NULL, NULL, NULL, NULL, NULL, NULL, 'Genap-2024-2025', '2024-05-03 00:23:43', '2024-05-03 00:23:43'),
(1041, 3, 513, 8, NULL, NULL, NULL, NULL, NULL, NULL, NULL, NULL, NULL, NULL, NULL, 'Genap-2024-2025', '2024-05-03 00:23:43', '2024-05-03 00:23:43'),
(1042, 3, 551, 8, NULL, NULL, NULL, NULL, NULL, NULL, NULL, NULL, NULL, NULL, NULL, 'Genap-2024-2025', '2024-05-03 00:23:43', '2024-05-03 00:23:43'),
(1043, 3, 557, 8, NULL, NULL, NULL, NULL, NULL, NULL, NULL, NULL, NULL, NULL, NULL, 'Genap-2024-2025', '2024-05-03 00:23:43', '2024-05-03 00:23:43'),
(1044, 3, 569, 8, NULL, NULL, NULL, NULL, NULL, NULL, NULL, NULL, NULL, NULL, NULL, 'Genap-2024-2025', '2024-05-03 00:23:43', '2024-05-03 00:23:43'),
(1045, 3, 575, 8, NULL, NULL, NULL, NULL, NULL, NULL, NULL, NULL, NULL, NULL, NULL, 'Genap-2024-2025', '2024-05-03 00:23:43', '2024-05-03 00:23:43'),
(1046, 3, 581, 8, NULL, NULL, NULL, NULL, NULL, NULL, NULL, NULL, NULL, NULL, NULL, 'Genap-2024-2025', '2024-05-03 00:23:43', '2024-05-03 00:23:43'),
(1047, 3, 587, 8, NULL, NULL, NULL, NULL, NULL, NULL, NULL, NULL, NULL, NULL, NULL, 'Genap-2024-2025', '2024-05-03 00:23:43', '2024-05-03 00:23:43'),
(1048, 3, 593, 8, NULL, NULL, NULL, NULL, NULL, NULL, NULL, NULL, NULL, NULL, NULL, 'Genap-2024-2025', '2024-05-03 00:23:43', '2024-05-03 00:23:43'),
(1049, 3, 564, 8, NULL, NULL, NULL, NULL, NULL, NULL, NULL, NULL, NULL, NULL, NULL, 'Genap-2024-2025', '2024-05-03 00:23:43', '2024-05-03 00:23:43'),
(1050, 3, 605, 8, NULL, NULL, NULL, NULL, NULL, NULL, NULL, NULL, NULL, NULL, NULL, 'Genap-2024-2025', '2024-05-03 00:23:43', '2024-05-03 00:23:43'),
(1051, 3, 591, 8, NULL, NULL, NULL, NULL, NULL, NULL, NULL, NULL, NULL, NULL, NULL, 'Genap-2024-2025', '2024-05-03 00:23:43', '2024-05-03 00:23:43'),
(1052, 3, 594, 8, NULL, NULL, NULL, NULL, NULL, NULL, NULL, NULL, NULL, NULL, NULL, 'Genap-2024-2025', '2024-05-03 00:23:43', '2024-05-03 00:23:43'),
(1053, 3, 623, 8, NULL, NULL, NULL, NULL, NULL, NULL, NULL, NULL, NULL, NULL, NULL, 'Genap-2024-2025', '2024-05-03 00:23:43', '2024-05-03 00:23:43'),
(1054, 3, 629, 8, NULL, NULL, NULL, NULL, NULL, NULL, NULL, NULL, NULL, NULL, NULL, 'Genap-2024-2025', '2024-05-03 00:23:43', '2024-05-03 00:23:43'),
(1055, 3, 601, 8, NULL, NULL, NULL, NULL, NULL, NULL, NULL, NULL, NULL, NULL, NULL, 'Genap-2024-2025', '2024-05-03 00:23:43', '2024-05-03 00:23:43'),
(1056, 3, 560, 8, NULL, NULL, NULL, NULL, NULL, NULL, NULL, NULL, NULL, NULL, NULL, 'Genap-2024-2025', '2024-05-03 00:23:43', '2024-05-03 00:23:43'),
(1057, 3, 653, 8, NULL, NULL, NULL, NULL, NULL, NULL, NULL, NULL, NULL, NULL, NULL, 'Genap-2024-2025', '2024-05-03 00:23:43', '2024-05-03 00:23:43'),
(1058, 3, 655, 8, NULL, NULL, NULL, NULL, NULL, NULL, NULL, NULL, NULL, NULL, NULL, 'Genap-2024-2025', '2024-05-03 00:23:43', '2024-05-03 00:23:43'),
(1059, 3, 574, 8, NULL, NULL, NULL, NULL, NULL, NULL, NULL, NULL, NULL, NULL, NULL, 'Genap-2024-2025', '2024-05-03 00:23:43', '2024-05-03 00:23:43'),
(1060, 3, 497, 7, NULL, NULL, NULL, NULL, NULL, NULL, NULL, NULL, NULL, NULL, NULL, 'Genap-2024-2025', '2024-05-03 00:24:03', '2024-05-03 00:24:03'),
(1061, 3, 503, 7, NULL, NULL, NULL, NULL, NULL, NULL, NULL, NULL, NULL, NULL, NULL, 'Genap-2024-2025', '2024-05-03 00:24:03', '2024-05-03 00:24:03'),
(1062, 3, 509, 7, NULL, NULL, NULL, NULL, NULL, NULL, NULL, NULL, NULL, NULL, NULL, 'Genap-2024-2025', '2024-05-03 00:24:03', '2024-05-03 00:24:03'),
(1063, 3, 515, 7, NULL, NULL, NULL, NULL, NULL, NULL, NULL, NULL, NULL, NULL, NULL, 'Genap-2024-2025', '2024-05-03 00:24:03', '2024-05-03 00:24:03'),
(1064, 3, 521, 7, 88, 88, 88, 88, 88, 88, NULL, 88, 88, NULL, NULL, 'Genap-2024-2025', '2024-05-03 00:24:03', '2024-05-03 00:24:09'),
(1065, 3, 527, 7, NULL, NULL, NULL, NULL, NULL, NULL, NULL, NULL, NULL, NULL, NULL, 'Genap-2024-2025', '2024-05-03 00:24:03', '2024-05-03 00:24:03'),
(1066, 3, 533, 7, NULL, NULL, NULL, NULL, NULL, NULL, NULL, NULL, NULL, NULL, NULL, 'Genap-2024-2025', '2024-05-03 00:24:03', '2024-05-03 00:24:03'),
(1067, 3, 539, 7, NULL, NULL, NULL, NULL, NULL, NULL, NULL, NULL, NULL, NULL, NULL, 'Genap-2024-2025', '2024-05-03 00:24:03', '2024-05-03 00:24:03'),
(1068, 3, 513, 7, NULL, NULL, NULL, NULL, NULL, NULL, NULL, NULL, NULL, NULL, NULL, 'Genap-2024-2025', '2024-05-03 00:24:03', '2024-05-03 00:24:03'),
(1069, 3, 551, 7, NULL, NULL, NULL, NULL, NULL, NULL, NULL, NULL, NULL, NULL, NULL, 'Genap-2024-2025', '2024-05-03 00:24:03', '2024-05-03 00:24:03'),
(1070, 3, 557, 7, NULL, NULL, NULL, NULL, NULL, NULL, NULL, NULL, NULL, NULL, NULL, 'Genap-2024-2025', '2024-05-03 00:24:03', '2024-05-03 00:24:03'),
(1071, 3, 569, 7, NULL, NULL, NULL, NULL, NULL, NULL, NULL, NULL, NULL, NULL, NULL, 'Genap-2024-2025', '2024-05-03 00:24:03', '2024-05-03 00:24:03'),
(1072, 3, 575, 7, NULL, NULL, NULL, NULL, NULL, NULL, NULL, NULL, NULL, NULL, NULL, 'Genap-2024-2025', '2024-05-03 00:24:03', '2024-05-03 00:24:03'),
(1073, 3, 581, 7, NULL, NULL, NULL, NULL, NULL, NULL, NULL, NULL, NULL, NULL, NULL, 'Genap-2024-2025', '2024-05-03 00:24:03', '2024-05-03 00:24:03'),
(1074, 3, 587, 7, NULL, NULL, NULL, NULL, NULL, NULL, NULL, NULL, NULL, NULL, NULL, 'Genap-2024-2025', '2024-05-03 00:24:03', '2024-05-03 00:24:03'),
(1075, 3, 593, 7, NULL, NULL, NULL, NULL, NULL, NULL, NULL, NULL, NULL, NULL, NULL, 'Genap-2024-2025', '2024-05-03 00:24:03', '2024-05-03 00:24:03'),
(1076, 3, 564, 7, NULL, NULL, NULL, NULL, NULL, NULL, NULL, NULL, NULL, NULL, NULL, 'Genap-2024-2025', '2024-05-03 00:24:03', '2024-05-03 00:24:03'),
(1077, 3, 605, 7, NULL, NULL, NULL, NULL, NULL, NULL, NULL, NULL, NULL, NULL, NULL, 'Genap-2024-2025', '2024-05-03 00:24:03', '2024-05-03 00:24:03'),
(1078, 3, 591, 7, NULL, NULL, NULL, NULL, NULL, NULL, NULL, NULL, NULL, NULL, NULL, 'Genap-2024-2025', '2024-05-03 00:24:03', '2024-05-03 00:24:03'),
(1079, 3, 594, 7, NULL, NULL, NULL, NULL, NULL, NULL, NULL, NULL, NULL, NULL, NULL, 'Genap-2024-2025', '2024-05-03 00:24:03', '2024-05-03 00:24:03'),
(1080, 3, 623, 7, NULL, NULL, NULL, NULL, NULL, NULL, NULL, NULL, NULL, NULL, NULL, 'Genap-2024-2025', '2024-05-03 00:24:03', '2024-05-03 00:24:03'),
(1081, 3, 629, 7, NULL, NULL, NULL, NULL, NULL, NULL, NULL, NULL, NULL, NULL, NULL, 'Genap-2024-2025', '2024-05-03 00:24:03', '2024-05-03 00:24:03'),
(1082, 3, 601, 7, NULL, NULL, NULL, NULL, NULL, NULL, NULL, NULL, NULL, NULL, NULL, 'Genap-2024-2025', '2024-05-03 00:24:03', '2024-05-03 00:24:03'),
(1083, 3, 560, 7, NULL, NULL, NULL, NULL, NULL, NULL, NULL, NULL, NULL, NULL, NULL, 'Genap-2024-2025', '2024-05-03 00:24:03', '2024-05-03 00:24:03'),
(1084, 3, 653, 7, NULL, NULL, NULL, NULL, NULL, NULL, NULL, NULL, NULL, NULL, NULL, 'Genap-2024-2025', '2024-05-03 00:24:03', '2024-05-03 00:24:03'),
(1085, 3, 655, 7, NULL, NULL, NULL, NULL, NULL, NULL, NULL, NULL, NULL, NULL, NULL, 'Genap-2024-2025', '2024-05-03 00:24:03', '2024-05-03 00:24:03'),
(1086, 3, 574, 7, NULL, NULL, NULL, NULL, NULL, NULL, NULL, NULL, NULL, NULL, NULL, 'Genap-2024-2025', '2024-05-03 00:24:03', '2024-05-03 00:24:03'),
(1087, 3, 497, 6, NULL, NULL, NULL, NULL, NULL, NULL, NULL, NULL, NULL, NULL, NULL, 'Genap-2024-2025', '2024-05-03 00:25:16', '2024-05-03 00:25:16'),
(1088, 3, 503, 6, NULL, NULL, NULL, NULL, NULL, NULL, NULL, NULL, NULL, NULL, NULL, 'Genap-2024-2025', '2024-05-03 00:25:16', '2024-05-03 00:25:16'),
(1089, 3, 509, 6, NULL, NULL, NULL, NULL, NULL, NULL, NULL, NULL, NULL, NULL, NULL, 'Genap-2024-2025', '2024-05-03 00:25:16', '2024-05-03 00:25:16'),
(1090, 3, 515, 6, NULL, NULL, NULL, NULL, NULL, NULL, NULL, NULL, NULL, NULL, NULL, 'Genap-2024-2025', '2024-05-03 00:25:16', '2024-05-03 00:25:16'),
(1091, 3, 521, 6, 99, 89, 78, 87, 88, 90, NULL, 99, 95, NULL, NULL, 'Genap-2024-2025', '2024-05-03 00:25:16', '2024-05-03 00:25:27'),
(1092, 3, 527, 6, NULL, NULL, NULL, NULL, NULL, NULL, NULL, NULL, NULL, NULL, NULL, 'Genap-2024-2025', '2024-05-03 00:25:16', '2024-05-03 00:25:16'),
(1093, 3, 533, 6, NULL, NULL, NULL, NULL, NULL, NULL, NULL, NULL, NULL, NULL, NULL, 'Genap-2024-2025', '2024-05-03 00:25:16', '2024-05-03 00:25:16'),
(1094, 3, 539, 6, NULL, NULL, NULL, NULL, NULL, NULL, NULL, NULL, NULL, NULL, NULL, 'Genap-2024-2025', '2024-05-03 00:25:16', '2024-05-03 00:25:16'),
(1095, 3, 513, 6, NULL, NULL, NULL, NULL, NULL, NULL, NULL, NULL, NULL, NULL, NULL, 'Genap-2024-2025', '2024-05-03 00:25:16', '2024-05-03 00:25:16'),
(1096, 3, 551, 6, NULL, NULL, NULL, NULL, NULL, NULL, NULL, NULL, NULL, NULL, NULL, 'Genap-2024-2025', '2024-05-03 00:25:16', '2024-05-03 00:25:16'),
(1097, 3, 557, 6, NULL, NULL, NULL, NULL, NULL, NULL, NULL, NULL, NULL, NULL, NULL, 'Genap-2024-2025', '2024-05-03 00:25:16', '2024-05-03 00:25:16'),
(1098, 3, 569, 6, NULL, NULL, NULL, NULL, NULL, NULL, NULL, NULL, NULL, NULL, NULL, 'Genap-2024-2025', '2024-05-03 00:25:16', '2024-05-03 00:25:16'),
(1099, 3, 575, 6, NULL, NULL, NULL, NULL, NULL, NULL, NULL, NULL, NULL, NULL, NULL, 'Genap-2024-2025', '2024-05-03 00:25:16', '2024-05-03 00:25:16'),
(1100, 3, 581, 6, NULL, NULL, NULL, NULL, NULL, NULL, NULL, NULL, NULL, NULL, NULL, 'Genap-2024-2025', '2024-05-03 00:25:16', '2024-05-03 00:25:16'),
(1101, 3, 587, 6, NULL, NULL, NULL, NULL, NULL, NULL, NULL, NULL, NULL, NULL, NULL, 'Genap-2024-2025', '2024-05-03 00:25:16', '2024-05-03 00:25:16'),
(1102, 3, 593, 6, NULL, NULL, NULL, NULL, NULL, NULL, NULL, NULL, NULL, NULL, NULL, 'Genap-2024-2025', '2024-05-03 00:25:16', '2024-05-03 00:25:16'),
(1103, 3, 564, 6, NULL, NULL, NULL, NULL, NULL, NULL, NULL, NULL, NULL, NULL, NULL, 'Genap-2024-2025', '2024-05-03 00:25:16', '2024-05-03 00:25:16'),
(1104, 3, 605, 6, NULL, NULL, NULL, NULL, NULL, NULL, NULL, NULL, NULL, NULL, NULL, 'Genap-2024-2025', '2024-05-03 00:25:16', '2024-05-03 00:25:16'),
(1105, 3, 591, 6, NULL, NULL, NULL, NULL, NULL, NULL, NULL, NULL, NULL, NULL, NULL, 'Genap-2024-2025', '2024-05-03 00:25:16', '2024-05-03 00:25:16'),
(1106, 3, 594, 6, NULL, NULL, NULL, NULL, NULL, NULL, NULL, NULL, NULL, NULL, NULL, 'Genap-2024-2025', '2024-05-03 00:25:16', '2024-05-03 00:25:16'),
(1107, 3, 623, 6, NULL, NULL, NULL, NULL, NULL, NULL, NULL, NULL, NULL, NULL, NULL, 'Genap-2024-2025', '2024-05-03 00:25:16', '2024-05-03 00:25:16'),
(1108, 3, 629, 6, NULL, NULL, NULL, NULL, NULL, NULL, NULL, NULL, NULL, NULL, NULL, 'Genap-2024-2025', '2024-05-03 00:25:16', '2024-05-03 00:25:16'),
(1109, 3, 601, 6, NULL, NULL, NULL, NULL, NULL, NULL, NULL, NULL, NULL, NULL, NULL, 'Genap-2024-2025', '2024-05-03 00:25:16', '2024-05-03 00:25:16'),
(1110, 3, 560, 6, NULL, NULL, NULL, NULL, NULL, NULL, NULL, NULL, NULL, NULL, NULL, 'Genap-2024-2025', '2024-05-03 00:25:16', '2024-05-03 00:25:16'),
(1111, 3, 653, 6, NULL, NULL, NULL, NULL, NULL, NULL, NULL, NULL, NULL, NULL, NULL, 'Genap-2024-2025', '2024-05-03 00:25:16', '2024-05-03 00:25:16'),
(1112, 3, 655, 6, NULL, NULL, NULL, NULL, NULL, NULL, NULL, NULL, NULL, NULL, NULL, 'Genap-2024-2025', '2024-05-03 00:25:16', '2024-05-03 00:25:16'),
(1113, 3, 574, 6, NULL, NULL, NULL, NULL, NULL, NULL, NULL, NULL, NULL, NULL, NULL, 'Genap-2024-2025', '2024-05-03 00:25:16', '2024-05-03 00:25:16'),
(1114, 3, 497, 5, NULL, NULL, NULL, NULL, NULL, NULL, NULL, NULL, NULL, NULL, NULL, 'Genap-2024-2025', '2024-05-03 00:26:05', '2024-05-03 00:26:05'),
(1115, 3, 503, 5, NULL, NULL, NULL, NULL, NULL, NULL, NULL, NULL, NULL, NULL, NULL, 'Genap-2024-2025', '2024-05-03 00:26:05', '2024-05-03 00:26:05'),
(1116, 3, 509, 5, NULL, NULL, NULL, NULL, NULL, NULL, NULL, NULL, NULL, NULL, NULL, 'Genap-2024-2025', '2024-05-03 00:26:05', '2024-05-03 00:26:05'),
(1117, 3, 515, 5, NULL, NULL, NULL, NULL, NULL, NULL, NULL, NULL, NULL, NULL, NULL, 'Genap-2024-2025', '2024-05-03 00:26:05', '2024-05-03 00:26:05'),
(1118, 3, 521, 5, 89, 88, 88, 88, 88, 88, NULL, 88, 88, NULL, NULL, 'Genap-2024-2025', '2024-05-03 00:26:05', '2024-05-03 00:26:13'),
(1119, 3, 527, 5, NULL, NULL, NULL, NULL, NULL, NULL, NULL, NULL, NULL, NULL, NULL, 'Genap-2024-2025', '2024-05-03 00:26:05', '2024-05-03 00:26:05'),
(1120, 3, 533, 5, NULL, NULL, NULL, NULL, NULL, NULL, NULL, NULL, NULL, NULL, NULL, 'Genap-2024-2025', '2024-05-03 00:26:05', '2024-05-03 00:26:05'),
(1121, 3, 539, 5, NULL, NULL, NULL, NULL, NULL, NULL, NULL, NULL, NULL, NULL, NULL, 'Genap-2024-2025', '2024-05-03 00:26:05', '2024-05-03 00:26:05'),
(1122, 3, 513, 5, NULL, NULL, NULL, NULL, NULL, NULL, NULL, NULL, NULL, NULL, NULL, 'Genap-2024-2025', '2024-05-03 00:26:05', '2024-05-03 00:26:05'),
(1123, 3, 551, 5, NULL, NULL, NULL, NULL, NULL, NULL, NULL, NULL, NULL, NULL, NULL, 'Genap-2024-2025', '2024-05-03 00:26:05', '2024-05-03 00:26:05'),
(1124, 3, 557, 5, NULL, NULL, NULL, NULL, NULL, NULL, NULL, NULL, NULL, NULL, NULL, 'Genap-2024-2025', '2024-05-03 00:26:05', '2024-05-03 00:26:05'),
(1125, 3, 569, 5, NULL, NULL, NULL, NULL, NULL, NULL, NULL, NULL, NULL, NULL, NULL, 'Genap-2024-2025', '2024-05-03 00:26:05', '2024-05-03 00:26:05'),
(1126, 3, 575, 5, NULL, NULL, NULL, NULL, NULL, NULL, NULL, NULL, NULL, NULL, NULL, 'Genap-2024-2025', '2024-05-03 00:26:05', '2024-05-03 00:26:05'),
(1127, 3, 581, 5, NULL, NULL, NULL, NULL, NULL, NULL, NULL, NULL, NULL, NULL, NULL, 'Genap-2024-2025', '2024-05-03 00:26:05', '2024-05-03 00:26:05'),
(1128, 3, 587, 5, NULL, NULL, NULL, NULL, NULL, NULL, NULL, NULL, NULL, NULL, NULL, 'Genap-2024-2025', '2024-05-03 00:26:05', '2024-05-03 00:26:05'),
(1129, 3, 593, 5, NULL, NULL, NULL, NULL, NULL, NULL, NULL, NULL, NULL, NULL, NULL, 'Genap-2024-2025', '2024-05-03 00:26:05', '2024-05-03 00:26:05'),
(1130, 3, 564, 5, NULL, NULL, NULL, NULL, NULL, NULL, NULL, NULL, NULL, NULL, NULL, 'Genap-2024-2025', '2024-05-03 00:26:05', '2024-05-03 00:26:05'),
(1131, 3, 605, 5, NULL, NULL, NULL, NULL, NULL, NULL, NULL, NULL, NULL, NULL, NULL, 'Genap-2024-2025', '2024-05-03 00:26:05', '2024-05-03 00:26:05'),
(1132, 3, 591, 5, NULL, NULL, NULL, NULL, NULL, NULL, NULL, NULL, NULL, NULL, NULL, 'Genap-2024-2025', '2024-05-03 00:26:05', '2024-05-03 00:26:05'),
(1133, 3, 594, 5, NULL, NULL, NULL, NULL, NULL, NULL, NULL, NULL, NULL, NULL, NULL, 'Genap-2024-2025', '2024-05-03 00:26:05', '2024-05-03 00:26:05'),
(1134, 3, 623, 5, NULL, NULL, NULL, NULL, NULL, NULL, NULL, NULL, NULL, NULL, NULL, 'Genap-2024-2025', '2024-05-03 00:26:05', '2024-05-03 00:26:05'),
(1135, 3, 629, 5, NULL, NULL, NULL, NULL, NULL, NULL, NULL, NULL, NULL, NULL, NULL, 'Genap-2024-2025', '2024-05-03 00:26:05', '2024-05-03 00:26:05'),
(1136, 3, 601, 5, NULL, NULL, NULL, NULL, NULL, NULL, NULL, NULL, NULL, NULL, NULL, 'Genap-2024-2025', '2024-05-03 00:26:05', '2024-05-03 00:26:05'),
(1137, 3, 560, 5, NULL, NULL, NULL, NULL, NULL, NULL, NULL, NULL, NULL, NULL, NULL, 'Genap-2024-2025', '2024-05-03 00:26:05', '2024-05-03 00:26:05'),
(1138, 3, 653, 5, NULL, NULL, NULL, NULL, NULL, NULL, NULL, NULL, NULL, NULL, NULL, 'Genap-2024-2025', '2024-05-03 00:26:05', '2024-05-03 00:26:05'),
(1139, 3, 655, 5, NULL, NULL, NULL, NULL, NULL, NULL, NULL, NULL, NULL, NULL, NULL, 'Genap-2024-2025', '2024-05-03 00:26:05', '2024-05-03 00:26:05'),
(1140, 3, 574, 5, NULL, NULL, NULL, NULL, NULL, NULL, NULL, NULL, NULL, NULL, NULL, 'Genap-2024-2025', '2024-05-03 00:26:05', '2024-05-03 00:26:05'),
(1141, 3, 497, 9, NULL, NULL, NULL, NULL, NULL, NULL, NULL, NULL, NULL, NULL, NULL, 'Genap-2024-2025', '2024-05-03 00:26:38', '2024-05-03 00:26:38'),
(1142, 3, 503, 9, NULL, NULL, NULL, NULL, NULL, NULL, NULL, NULL, NULL, NULL, NULL, 'Genap-2024-2025', '2024-05-03 00:26:38', '2024-05-03 00:26:38'),
(1143, 3, 509, 9, NULL, NULL, NULL, NULL, NULL, NULL, NULL, NULL, NULL, NULL, NULL, 'Genap-2024-2025', '2024-05-03 00:26:38', '2024-05-03 00:26:38'),
(1144, 3, 515, 9, NULL, NULL, NULL, NULL, NULL, NULL, NULL, NULL, NULL, NULL, NULL, 'Genap-2024-2025', '2024-05-03 00:26:38', '2024-05-03 00:26:38'),
(1145, 3, 521, 9, 90, 90, 90, 90, 90, 90, NULL, 90, 90, NULL, NULL, 'Genap-2024-2025', '2024-05-03 00:26:38', '2024-05-03 00:26:49'),
(1146, 3, 527, 9, NULL, NULL, NULL, NULL, NULL, NULL, NULL, NULL, NULL, NULL, NULL, 'Genap-2024-2025', '2024-05-03 00:26:38', '2024-05-03 00:26:38'),
(1147, 3, 533, 9, NULL, NULL, NULL, NULL, NULL, NULL, NULL, NULL, NULL, NULL, NULL, 'Genap-2024-2025', '2024-05-03 00:26:38', '2024-05-03 00:26:38'),
(1148, 3, 539, 9, NULL, NULL, NULL, NULL, NULL, NULL, NULL, NULL, NULL, NULL, NULL, 'Genap-2024-2025', '2024-05-03 00:26:38', '2024-05-03 00:26:38'),
(1149, 3, 513, 9, NULL, NULL, NULL, NULL, NULL, NULL, NULL, NULL, NULL, NULL, NULL, 'Genap-2024-2025', '2024-05-03 00:26:38', '2024-05-03 00:26:38'),
(1150, 3, 551, 9, NULL, NULL, NULL, NULL, NULL, NULL, NULL, NULL, NULL, NULL, NULL, 'Genap-2024-2025', '2024-05-03 00:26:38', '2024-05-03 00:26:38'),
(1151, 3, 557, 9, NULL, NULL, NULL, NULL, NULL, NULL, NULL, NULL, NULL, NULL, NULL, 'Genap-2024-2025', '2024-05-03 00:26:38', '2024-05-03 00:26:38'),
(1152, 3, 569, 9, NULL, NULL, NULL, NULL, NULL, NULL, NULL, NULL, NULL, NULL, NULL, 'Genap-2024-2025', '2024-05-03 00:26:38', '2024-05-03 00:26:38'),
(1153, 3, 575, 9, NULL, NULL, NULL, NULL, NULL, NULL, NULL, NULL, NULL, NULL, NULL, 'Genap-2024-2025', '2024-05-03 00:26:38', '2024-05-03 00:26:38'),
(1154, 3, 581, 9, NULL, NULL, NULL, NULL, NULL, NULL, NULL, NULL, NULL, NULL, NULL, 'Genap-2024-2025', '2024-05-03 00:26:38', '2024-05-03 00:26:38'),
(1155, 3, 587, 9, NULL, NULL, NULL, NULL, NULL, NULL, NULL, NULL, NULL, NULL, NULL, 'Genap-2024-2025', '2024-05-03 00:26:38', '2024-05-03 00:26:38'),
(1156, 3, 593, 9, NULL, NULL, NULL, NULL, NULL, NULL, NULL, NULL, NULL, NULL, NULL, 'Genap-2024-2025', '2024-05-03 00:26:38', '2024-05-03 00:26:38'),
(1157, 3, 564, 9, NULL, NULL, NULL, NULL, NULL, NULL, NULL, NULL, NULL, NULL, NULL, 'Genap-2024-2025', '2024-05-03 00:26:38', '2024-05-03 00:26:38'),
(1158, 3, 605, 9, NULL, NULL, NULL, NULL, NULL, NULL, NULL, NULL, NULL, NULL, NULL, 'Genap-2024-2025', '2024-05-03 00:26:38', '2024-05-03 00:26:38'),
(1159, 3, 591, 9, NULL, NULL, NULL, NULL, NULL, NULL, NULL, NULL, NULL, NULL, NULL, 'Genap-2024-2025', '2024-05-03 00:26:38', '2024-05-03 00:26:38'),
(1160, 3, 594, 9, NULL, NULL, NULL, NULL, NULL, NULL, NULL, NULL, NULL, NULL, NULL, 'Genap-2024-2025', '2024-05-03 00:26:38', '2024-05-03 00:26:38'),
(1161, 3, 623, 9, NULL, NULL, NULL, NULL, NULL, NULL, NULL, NULL, NULL, NULL, NULL, 'Genap-2024-2025', '2024-05-03 00:26:38', '2024-05-03 00:26:38'),
(1162, 3, 629, 9, NULL, NULL, NULL, NULL, NULL, NULL, NULL, NULL, NULL, NULL, NULL, 'Genap-2024-2025', '2024-05-03 00:26:38', '2024-05-03 00:26:38'),
(1163, 3, 601, 9, NULL, NULL, NULL, NULL, NULL, NULL, NULL, NULL, NULL, NULL, NULL, 'Genap-2024-2025', '2024-05-03 00:26:38', '2024-05-03 00:26:38'),
(1164, 3, 560, 9, NULL, NULL, NULL, NULL, NULL, NULL, NULL, NULL, NULL, NULL, NULL, 'Genap-2024-2025', '2024-05-03 00:26:38', '2024-05-03 00:26:38'),
(1165, 3, 653, 9, NULL, NULL, NULL, NULL, NULL, NULL, NULL, NULL, NULL, NULL, NULL, 'Genap-2024-2025', '2024-05-03 00:26:38', '2024-05-03 00:26:38'),
(1166, 3, 655, 9, NULL, NULL, NULL, NULL, NULL, NULL, NULL, NULL, NULL, NULL, NULL, 'Genap-2024-2025', '2024-05-03 00:26:38', '2024-05-03 00:26:38'),
(1167, 3, 574, 9, NULL, NULL, NULL, NULL, NULL, NULL, NULL, NULL, NULL, NULL, NULL, 'Genap-2024-2025', '2024-05-03 00:26:38', '2024-05-03 00:26:38'),
(1168, 5, 499, 3, NULL, NULL, NULL, NULL, NULL, NULL, NULL, NULL, NULL, NULL, NULL, 'Genap-2024-2025', '2024-05-08 14:49:02', '2024-05-08 14:49:02'),
(1169, 5, 505, 3, NULL, NULL, NULL, NULL, NULL, NULL, NULL, NULL, NULL, NULL, NULL, 'Genap-2024-2025', '2024-05-08 14:49:02', '2024-05-08 14:49:02'),
(1170, 5, 511, 3, NULL, NULL, NULL, NULL, NULL, NULL, NULL, NULL, NULL, NULL, NULL, 'Genap-2024-2025', '2024-05-08 14:49:02', '2024-05-08 14:49:02'),
(1171, 5, 517, 3, NULL, NULL, NULL, NULL, NULL, NULL, NULL, NULL, NULL, NULL, NULL, 'Genap-2024-2025', '2024-05-08 14:49:02', '2024-05-08 14:49:02'),
(1172, 5, 523, 3, NULL, NULL, NULL, NULL, NULL, NULL, NULL, NULL, NULL, NULL, NULL, 'Genap-2024-2025', '2024-05-08 14:49:02', '2024-05-08 14:49:02'),
(1173, 5, 529, 3, NULL, NULL, NULL, NULL, NULL, NULL, NULL, NULL, NULL, NULL, NULL, 'Genap-2024-2025', '2024-05-08 14:49:02', '2024-05-08 14:49:02'),
(1174, 5, 535, 3, NULL, NULL, NULL, NULL, NULL, NULL, NULL, NULL, NULL, NULL, NULL, 'Genap-2024-2025', '2024-05-08 14:49:02', '2024-05-08 14:49:02'),
(1175, 5, 541, 3, NULL, NULL, NULL, NULL, NULL, NULL, NULL, NULL, NULL, NULL, NULL, 'Genap-2024-2025', '2024-05-08 14:49:02', '2024-05-08 14:49:02'),
(1176, 5, 547, 3, NULL, NULL, NULL, NULL, NULL, NULL, NULL, NULL, NULL, NULL, NULL, 'Genap-2024-2025', '2024-05-08 14:49:02', '2024-05-08 14:49:02'),
(1177, 5, 553, 3, NULL, NULL, NULL, NULL, NULL, NULL, NULL, NULL, NULL, NULL, NULL, 'Genap-2024-2025', '2024-05-08 14:49:02', '2024-05-08 14:49:02'),
(1178, 5, 559, 3, NULL, NULL, NULL, NULL, NULL, NULL, NULL, NULL, NULL, NULL, NULL, 'Genap-2024-2025', '2024-05-08 14:49:02', '2024-05-08 14:49:02'),
(1179, 5, 565, 3, NULL, NULL, NULL, NULL, NULL, NULL, NULL, NULL, NULL, NULL, NULL, 'Genap-2024-2025', '2024-05-08 14:49:02', '2024-05-08 14:49:02'),
(1180, 5, 571, 3, NULL, NULL, NULL, NULL, NULL, NULL, NULL, NULL, NULL, NULL, NULL, 'Genap-2024-2025', '2024-05-08 14:49:02', '2024-05-08 14:49:02'),
(1181, 5, 577, 3, NULL, NULL, NULL, NULL, NULL, NULL, NULL, NULL, NULL, NULL, NULL, 'Genap-2024-2025', '2024-05-08 14:49:02', '2024-05-08 14:49:02'),
(1182, 5, 583, 3, NULL, NULL, NULL, NULL, NULL, NULL, NULL, NULL, NULL, NULL, NULL, 'Genap-2024-2025', '2024-05-08 14:49:02', '2024-05-08 14:49:02'),
(1183, 5, 589, 3, NULL, NULL, NULL, NULL, NULL, NULL, NULL, NULL, NULL, NULL, NULL, 'Genap-2024-2025', '2024-05-08 14:49:02', '2024-05-08 14:49:02'),
(1184, 5, 595, 3, NULL, NULL, NULL, NULL, NULL, NULL, NULL, NULL, NULL, NULL, NULL, 'Genap-2024-2025', '2024-05-08 14:49:02', '2024-05-08 14:49:02'),
(1185, 5, 601, 3, NULL, NULL, NULL, NULL, NULL, NULL, NULL, NULL, NULL, NULL, NULL, 'Genap-2024-2025', '2024-05-08 14:49:02', '2024-05-08 14:49:02'),
(1186, 5, 537, 3, NULL, NULL, NULL, NULL, NULL, NULL, NULL, NULL, NULL, NULL, NULL, 'Genap-2024-2025', '2024-05-08 14:49:02', '2024-05-08 14:49:02'),
(1187, 5, 525, 3, NULL, NULL, NULL, NULL, NULL, NULL, NULL, NULL, NULL, NULL, NULL, 'Genap-2024-2025', '2024-05-08 14:49:02', '2024-05-08 14:49:02'),
(1188, 5, 513, 3, NULL, NULL, NULL, NULL, NULL, NULL, NULL, NULL, NULL, NULL, NULL, 'Genap-2024-2025', '2024-05-08 14:49:02', '2024-05-08 14:49:02'),
(1189, 5, 573, 3, NULL, NULL, NULL, NULL, NULL, NULL, NULL, NULL, NULL, NULL, NULL, 'Genap-2024-2025', '2024-05-08 14:49:02', '2024-05-08 14:49:02'),
(1190, 5, 591, 3, NULL, NULL, NULL, NULL, NULL, NULL, NULL, NULL, NULL, NULL, NULL, 'Genap-2024-2025', '2024-05-08 14:49:02', '2024-05-08 14:49:02'),
(1191, 5, 564, 3, NULL, NULL, NULL, NULL, NULL, NULL, NULL, NULL, NULL, NULL, NULL, 'Genap-2024-2025', '2024-05-08 14:49:02', '2024-05-08 14:49:02'),
(1192, 5, 649, 3, NULL, NULL, NULL, NULL, NULL, NULL, NULL, NULL, NULL, NULL, NULL, 'Genap-2024-2025', '2024-05-08 14:49:02', '2024-05-08 14:49:02'),
(1193, 5, 655, 3, NULL, NULL, NULL, NULL, NULL, NULL, NULL, NULL, NULL, NULL, NULL, 'Genap-2024-2025', '2024-05-08 14:49:02', '2024-05-08 14:49:02'),
(1194, 5, 500, 3, NULL, NULL, NULL, NULL, NULL, NULL, NULL, NULL, NULL, NULL, NULL, 'Genap-2024-2025', '2024-05-08 14:49:02', '2024-05-08 14:49:02'),
(1195, 5, 516, 3, NULL, NULL, NULL, NULL, NULL, NULL, NULL, NULL, NULL, NULL, NULL, 'Genap-2024-2025', '2024-05-08 14:49:02', '2024-05-08 14:49:02');

-- --------------------------------------------------------

--
-- Table structure for table `password_resets`
--

CREATE TABLE `password_resets` (
  `email` varchar(255) CHARACTER SET utf8mb4 COLLATE utf8mb4_unicode_ci NOT NULL,
  `token` varchar(255) CHARACTER SET utf8mb4 COLLATE utf8mb4_unicode_ci NOT NULL,
  `created_at` timestamp NULL DEFAULT NULL
) ENGINE=InnoDB DEFAULT CHARSET=utf8mb4 COLLATE=utf8mb4_unicode_ci;

-- --------------------------------------------------------

--
-- Table structure for table `password_reset_tokens`
--

CREATE TABLE `password_reset_tokens` (
  `email` varchar(255) CHARACTER SET utf8mb4 COLLATE utf8mb4_unicode_ci NOT NULL,
  `token` varchar(255) CHARACTER SET utf8mb4 COLLATE utf8mb4_unicode_ci NOT NULL,
  `created_at` timestamp NULL DEFAULT NULL
) ENGINE=InnoDB DEFAULT CHARSET=utf8mb4 COLLATE=utf8mb4_unicode_ci;

-- --------------------------------------------------------

--
-- Table structure for table `personal_access_tokens`
--

CREATE TABLE `personal_access_tokens` (
  `id` bigint UNSIGNED NOT NULL,
  `tokenable_type` varchar(255) CHARACTER SET utf8mb4 COLLATE utf8mb4_unicode_ci NOT NULL,
  `tokenable_id` bigint UNSIGNED NOT NULL,
  `name` varchar(255) CHARACTER SET utf8mb4 COLLATE utf8mb4_unicode_ci NOT NULL,
  `token` varchar(64) CHARACTER SET utf8mb4 COLLATE utf8mb4_unicode_ci NOT NULL,
  `abilities` text CHARACTER SET utf8mb4 COLLATE utf8mb4_unicode_ci,
  `last_used_at` timestamp NULL DEFAULT NULL,
  `expires_at` timestamp NULL DEFAULT NULL,
  `created_at` timestamp NULL DEFAULT NULL,
  `updated_at` timestamp NULL DEFAULT NULL
) ENGINE=InnoDB DEFAULT CHARSET=utf8mb4 COLLATE=utf8mb4_unicode_ci;

-- --------------------------------------------------------

--
-- Table structure for table `presensi`
--

CREATE TABLE `presensi` (
  `id` bigint UNSIGNED NOT NULL,
  `id_kelas` bigint UNSIGNED NOT NULL,
  `id_siswa` bigint UNSIGNED NOT NULL,
  `tanggal_presensi` date NOT NULL,
  `status` enum('Hadir','Tidak Hadir','','') CHARACTER SET utf8mb4 COLLATE utf8mb4_unicode_ci NOT NULL DEFAULT 'Hadir',
  `keterangan` varchar(255) CHARACTER SET utf8mb4 COLLATE utf8mb4_unicode_ci NOT NULL,
  `created_at` timestamp NULL DEFAULT NULL,
  `updated_at` timestamp NULL DEFAULT NULL
) ENGINE=InnoDB DEFAULT CHARSET=utf8mb4 COLLATE=utf8mb4_unicode_ci;

-- --------------------------------------------------------

--
-- Table structure for table `promotions`
--

CREATE TABLE `promotions` (
  `id` int UNSIGNED NOT NULL,
  `id_siswa` bigint UNSIGNED NOT NULL,
  `kelas_lama` bigint UNSIGNED NOT NULL,
  `kelas_baru` bigint UNSIGNED NOT NULL,
  `grad` tinyint NOT NULL,
  `dari_tahun_ajaran` varchar(45) NOT NULL,
  `ke_tahun_ajaran` varchar(45) NOT NULL,
  `status` varchar(255) CHARACTER SET utf8mb4 COLLATE utf8mb4_unicode_ci NOT NULL,
  `created_at` timestamp NULL DEFAULT NULL,
  `updated_at` timestamp NULL DEFAULT NULL
) ENGINE=InnoDB DEFAULT CHARSET=utf8mb4 COLLATE=utf8mb4_0900_ai_ci;

--
-- Dumping data for table `promotions`
--

INSERT INTO `promotions` (`id`, `id_siswa`, `kelas_lama`, `kelas_baru`, `grad`, `dari_tahun_ajaran`, `ke_tahun_ajaran`, `status`, `created_at`, `updated_at`) VALUES
(203, 272, 2, 2, 1, 'Genap-2024-2025', 'Genap-2024-2025', 'G', '2024-05-13 14:11:53', '2024-05-13 14:11:53'),
(204, 302, 2, 2, 1, 'Genap-2024-2025', 'Genap-2024-2025', 'G', '2024-05-13 14:11:53', '2024-05-13 14:11:53'),
(205, 344, 2, 2, 1, 'Genap-2024-2025', 'Genap-2024-2025', 'G', '2024-05-13 14:11:53', '2024-05-13 14:11:53'),
(206, 362, 2, 2, 1, 'Genap-2024-2025', 'Genap-2024-2025', 'G', '2024-05-13 14:11:53', '2024-05-13 14:11:53'),
(207, 236, 2, 2, 1, 'Genap-2024-2025', 'Genap-2024-2025', 'G', '2024-05-13 14:11:53', '2024-05-13 14:11:53'),
(208, 326, 2, 2, 1, 'Genap-2024-2025', 'Genap-2024-2025', 'G', '2024-05-13 14:11:53', '2024-05-13 14:11:53'),
(209, 290, 2, 2, 1, 'Genap-2024-2025', 'Genap-2024-2025', 'G', '2024-05-13 14:11:53', '2024-05-13 14:11:53'),
(210, 278, 2, 2, 1, 'Genap-2024-2025', 'Genap-2024-2025', 'G', '2024-05-13 14:11:53', '2024-05-13 14:11:53'),
(211, 254, 2, 2, 1, 'Genap-2024-2025', 'Genap-2024-2025', 'G', '2024-05-13 14:11:53', '2024-05-13 14:11:53'),
(212, 296, 2, 2, 1, 'Genap-2024-2025', 'Genap-2024-2025', 'G', '2024-05-13 14:11:53', '2024-05-13 14:11:53'),
(213, 308, 2, 2, 1, 'Genap-2024-2025', 'Genap-2024-2025', 'G', '2024-05-13 14:11:53', '2024-05-13 14:11:53'),
(214, 206, 2, 2, 1, 'Genap-2024-2025', 'Genap-2024-2025', 'G', '2024-05-13 14:11:53', '2024-05-13 14:11:53'),
(215, 200, 2, 2, 1, 'Genap-2024-2025', 'Genap-2024-2025', 'G', '2024-05-13 14:11:53', '2024-05-13 14:11:53'),
(216, 230, 2, 2, 1, 'Genap-2024-2025', 'Genap-2024-2025', 'G', '2024-05-13 14:11:53', '2024-05-13 14:11:53'),
(217, 242, 2, 2, 1, 'Genap-2024-2025', 'Genap-2024-2025', 'G', '2024-05-13 14:11:53', '2024-05-13 14:11:53'),
(218, 284, 2, 2, 1, 'Genap-2024-2025', 'Genap-2024-2025', 'G', '2024-05-13 14:11:53', '2024-05-13 14:11:53'),
(219, 266, 2, 2, 1, 'Genap-2024-2025', 'Genap-2024-2025', 'G', '2024-05-13 14:11:53', '2024-05-13 14:11:53'),
(220, 218, 2, 2, 1, 'Genap-2024-2025', 'Genap-2024-2025', 'G', '2024-05-13 14:11:53', '2024-05-13 14:11:53'),
(221, 314, 2, 2, 1, 'Genap-2024-2025', 'Genap-2024-2025', 'G', '2024-05-13 14:11:53', '2024-05-13 14:11:53'),
(222, 224, 2, 2, 1, 'Genap-2024-2025', 'Genap-2024-2025', 'G', '2024-05-13 14:11:53', '2024-05-13 14:11:53'),
(223, 260, 2, 2, 1, 'Genap-2024-2025', 'Genap-2024-2025', 'G', '2024-05-13 14:11:53', '2024-05-13 14:11:53'),
(224, 380, 2, 2, 1, 'Genap-2024-2025', 'Genap-2024-2025', 'G', '2024-05-13 14:11:53', '2024-05-13 14:11:53'),
(225, 338, 2, 2, 1, 'Genap-2024-2025', 'Genap-2024-2025', 'G', '2024-05-13 14:11:53', '2024-05-13 14:11:53'),
(226, 248, 2, 2, 1, 'Genap-2024-2025', 'Genap-2024-2025', 'G', '2024-05-13 14:11:53', '2024-05-13 14:11:53'),
(227, 320, 2, 2, 1, 'Genap-2024-2025', 'Genap-2024-2025', 'G', '2024-05-13 14:11:53', '2024-05-13 14:11:53'),
(228, 350, 2, 2, 1, 'Genap-2024-2025', 'Genap-2024-2025', 'G', '2024-05-13 14:11:53', '2024-05-13 14:11:53'),
(229, 356, 2, 2, 1, 'Genap-2024-2025', 'Genap-2024-2025', 'G', '2024-05-13 14:11:53', '2024-05-13 14:11:53'),
(230, 368, 2, 2, 1, 'Genap-2024-2025', 'Genap-2024-2025', 'G', '2024-05-13 14:11:53', '2024-05-13 14:11:53'),
(231, 374, 2, 2, 1, 'Genap-2024-2025', 'Genap-2024-2025', 'G', '2024-05-13 14:11:53', '2024-05-13 14:11:53'),
(232, 212, 2, 2, 1, 'Genap-2024-2025', 'Genap-2024-2025', 'G', '2024-05-13 14:11:53', '2024-05-13 14:11:53'),
(233, 332, 2, 2, 1, 'Genap-2024-2025', 'Genap-2024-2025', 'G', '2024-05-13 14:11:53', '2024-05-13 14:11:53'),
(234, 381, 2, 2, 1, 'Genap-2024-2025', 'Genap-2024-2025', 'G', '2024-05-13 14:11:53', '2024-05-13 14:11:53');

-- --------------------------------------------------------

--
-- Table structure for table `settings`
--

CREATE TABLE `settings` (
  `id` int UNSIGNED NOT NULL,
  `type` varchar(255) NOT NULL,
  `deskripsi` varchar(255) DEFAULT NULL,
  `created_at` timestamp NULL DEFAULT NULL,
  `updated_at` timestamp NULL DEFAULT NULL
) ENGINE=InnoDB DEFAULT CHARSET=utf8mb4 COLLATE=utf8mb4_0900_ai_ci;

--
-- Dumping data for table `settings`
--

INSERT INTO `settings` (`id`, `type`, `deskripsi`, `created_at`, `updated_at`) VALUES
(1, 'tahun_ajaran', 'Genap-2024-2025', '2024-04-04 07:27:05', '2024-05-12 17:27:45');

-- --------------------------------------------------------

--
-- Table structure for table `siswa`
--

CREATE TABLE `siswa` (
  `id` bigint UNSIGNED NOT NULL,
  `nis` char(10) CHARACTER SET utf8mb4 COLLATE utf8mb4_unicode_ci NOT NULL,
  `nisn` char(25) CHARACTER SET utf8mb4 COLLATE utf8mb4_unicode_ci DEFAULT NULL,
  `nama_siswa` varchar(255) CHARACTER SET utf8mb4 COLLATE utf8mb4_unicode_ci NOT NULL,
  `jenis_kelamin` enum('L','P') CHARACTER SET utf8mb4 COLLATE utf8mb4_unicode_ci NOT NULL,
  `tanggal_lahir` date DEFAULT NULL,
  `id_kelas` bigint UNSIGNED NOT NULL,
  `tahun_ajaran` varchar(45) CHARACTER SET utf8mb4 COLLATE utf8mb4_unicode_ci NOT NULL,
  `status` tinyint NOT NULL DEFAULT '0',
  `tahun_lulus` varchar(45) CHARACTER SET utf8mb4 COLLATE utf8mb4_unicode_ci DEFAULT NULL,
  `alamat` varchar(255) CHARACTER SET utf8mb4 COLLATE utf8mb4_unicode_ci DEFAULT NULL,
  `kontak_ortu` varchar(25) CHARACTER SET utf8mb4 COLLATE utf8mb4_unicode_ci DEFAULT NULL,
  `id_agama` bigint UNSIGNED NOT NULL,
  `user_id` bigint UNSIGNED DEFAULT NULL,
  `foto` varchar(45) CHARACTER SET utf8mb4 COLLATE utf8mb4_unicode_ci DEFAULT NULL,
  `created_at` timestamp NULL DEFAULT NULL,
  `updated_at` timestamp NULL DEFAULT NULL
) ENGINE=InnoDB DEFAULT CHARSET=utf8mb4 COLLATE=utf8mb4_unicode_ci;

--
-- Dumping data for table `siswa`
--

INSERT INTO `siswa` (`id`, `nis`, `nisn`, `nama_siswa`, `jenis_kelamin`, `tanggal_lahir`, `id_kelas`, `tahun_ajaran`, `status`, `tahun_lulus`, `alamat`, `kontak_ortu`, `id_agama`, `user_id`, `foto`, `created_at`, `updated_at`) VALUES
(200, '1001', '1234567890', 'John Doe', 'L', '2006-03-15', 2, 'Genap-2024-2025', 1, 'Genap-2024-2025', 'Jl. Contoh No. 1', '08123456789', 1, 495, NULL, NULL, '2024-05-13 14:11:53'),
(201, '1002', '1234567891', 'Jane Doe', 'P', '2006-05-20', 1, 'Ganjil-2025-2026', 0, NULL, 'Jl. Contoh No. 2', '08234567890', 1, 496, 'foto-.png', NULL, '2024-05-02 15:25:51'),
(202, '1003', '1234567892', 'Michael Smith', 'L', '2006-07-25', 3, 'Genap-2024-2025', 0, NULL, 'Jl. Contoh No. 3', '08345678901', 1, 497, NULL, NULL, NULL),
(203, '1004', '1234567893', 'Emily Johnson', 'P', '2006-09-30', 4, 'Genap-2024-2025', 0, NULL, 'Jl. Contoh No. 4', '08456789012', 1, 498, NULL, NULL, NULL),
(204, '1005', '1234567894', 'David Williams', 'L', '2007-01-05', 5, 'Genap-2024-2025', 0, NULL, 'Jl. Contoh No. 5', '08567890123', 1, 499, NULL, NULL, NULL),
(205, '1006', '1234567895', 'Emma Brown', 'P', '2007-03-10', 6, 'Genap-2024-2025', 0, NULL, 'Jl. Contoh No. 6', '08678901234', 1, 500, NULL, NULL, NULL),
(206, '1007', '1234567896', 'James Wilson', 'L', '2007-05-15', 2, 'Genap-2024-2025', 1, 'Genap-2024-2025', 'Jl. Contoh No. 7', '08789012345', 1, 501, NULL, NULL, '2024-05-13 14:11:53'),
(207, '1008', '1234567897', 'Olivia Taylor', 'P', '2007-07-20', 1, 'Ganjil-2025-2026', 0, NULL, 'Jl. Contoh No. 8', '08890123456', 1, 502, NULL, NULL, '2024-05-02 15:25:51'),
(208, '1009', '1234567898', 'Daniel Martinez', 'L', '2007-09-25', 3, 'Genap-2024-2025', 0, NULL, 'Jl. Contoh No. 9', '08901234567', 1, 503, NULL, NULL, NULL),
(209, '1010', '1234567899', 'Sophia Garcia', 'P', '2007-11-30', 1, 'Ganjil-2025-2026', 0, NULL, 'Jl. Contoh No. 10', '09012345678', 1, 504, NULL, NULL, '2024-05-02 15:25:51'),
(210, '1011', '1234567900', 'Alexander Rodriguez', 'L', '2008-02-04', 5, 'Genap-2024-2025', 0, NULL, 'Jl. Contoh No. 11', '09123456789', 1, 505, NULL, NULL, NULL),
(211, '1012', '1234567901', 'Isabella Hernandez', 'P', '2008-04-10', 6, 'Genap-2024-2025', 0, NULL, 'Jl. Contoh No. 12', '09234567890', 1, 506, NULL, NULL, NULL),
(212, '1013', '1234567902', 'William Lopez', 'L', '2008-06-15', 2, 'Genap-2024-2025', 1, 'Genap-2024-2025', 'Jl. Contoh No. 13', '09345678901', 1, 507, NULL, NULL, '2024-05-13 14:11:53'),
(213, '1014', '1234567903', 'Mia Martinez', 'P', '2008-08-20', 1, 'Ganjil-2025-2026', 0, NULL, 'Jl. Contoh No. 14', '09456789012', 1, 508, NULL, NULL, '2024-05-02 15:25:51'),
(214, '1015', '1234567904', 'James Gonzalez', 'L', '2008-10-25', 3, 'Genap-2024-2025', 0, NULL, 'Jl. Contoh No. 15', '09567890123', 1, 509, NULL, NULL, NULL),
(215, '1016', '1234567905', 'Sophia Wilson', 'P', '2008-12-30', 1, 'Ganjil-2025-2026', 0, NULL, 'Jl. Contoh No. 16', '09678901234', 1, 510, NULL, NULL, '2024-05-02 15:25:51'),
(216, '1017', '1234567906', 'Benjamin Taylor', 'L', '2009-03-05', 5, 'Genap-2024-2025', 0, NULL, 'Jl. Contoh No. 17', '09789012345', 1, 511, NULL, NULL, NULL),
(217, '1018', '1234567907', 'Olivia Brown', 'P', '2009-05-10', 6, 'Genap-2024-2025', 0, NULL, 'Jl. Contoh No. 18', '09890123456', 1, 512, NULL, NULL, NULL),
(218, '1019', '1234567908', 'Lucas Smith', 'L', '2009-07-15', 2, 'Genap-2024-2025', 1, 'Genap-2024-2025', 'Jl. Contoh No. 19', '09901234567', 1, 513, NULL, NULL, '2024-05-13 14:11:53'),
(219, '1020', '1234567909', 'Amelia Johnson', 'P', '2009-09-20', 4, 'Genap-2024-2025', 0, NULL, 'Jl. Contoh No. 20', '10012345678', 1, 514, NULL, NULL, '2024-05-01 02:34:57'),
(220, '1021', '1234567910', 'Michael Williams', 'L', '2009-11-25', 3, 'Genap-2024-2025', 0, NULL, 'Jl. Contoh No. 21', '10123456789', 1, 515, NULL, NULL, NULL),
(221, '1022', '1234567911', 'Charlotte Brown', 'P', '2010-01-30', 4, 'Genap-2024-2025', 0, NULL, 'Jl. Contoh No. 22', '10234567890', 1, 516, NULL, NULL, NULL),
(222, '1023', '1234567912', 'Ethan Wilson', 'L', '2010-04-06', 5, 'Genap-2024-2025', 0, NULL, 'Jl. Contoh No. 23', '10345678901', 1, 517, NULL, NULL, NULL),
(223, '1024', '1234567913', 'Ava Taylor', 'P', '2010-06-11', 6, 'Genap-2024-2025', 0, NULL, 'Jl. Contoh No. 24', '10456789012', 1, 518, NULL, NULL, NULL),
(224, '1025', '1234567914', 'Mason Martinez', 'L', '2010-08-16', 2, 'Genap-2024-2025', 1, 'Genap-2024-2025', 'Jl. Contoh No. 25', '10567890123', 1, 519, NULL, NULL, '2024-05-13 14:11:53'),
(225, '1026', '1234567915', 'Harper Gonzalez', 'P', '2010-10-21', 4, 'Genap-2024-2025', 0, NULL, 'Jl. Contoh No. 26', '10678901234', 1, 520, NULL, NULL, '2024-05-01 02:34:57'),
(226, '1027', '1234567916', 'Aiden Wilson', 'L', '2010-12-26', 3, 'Genap-2024-2025', 0, NULL, 'Jl. Contoh No. 27', '10789012345', 1, 521, NULL, NULL, NULL),
(227, '1028', '1234567917', 'Evelyn Smith', 'P', '2011-03-03', 4, 'Genap-2024-2025', 0, NULL, 'Jl. Contoh No. 28', '10890123456', 1, 522, NULL, NULL, NULL),
(228, '1029', '1234567918', 'Logan Johnson', 'L', '2011-05-08', 5, 'Genap-2024-2025', 0, NULL, 'Jl. Contoh No. 29', '10901234567', 1, 523, NULL, NULL, NULL),
(229, '1030', '1234567919', 'Avery Williams', 'P', '2011-07-13', 6, 'Genap-2024-2025', 0, NULL, 'Jl. Contoh No. 30', '11012345678', 1, 524, NULL, NULL, NULL),
(230, '1031', '1234567920', 'Liam Brown', 'L', '2011-09-18', 2, 'Genap-2024-2025', 1, 'Genap-2024-2025', 'Jl. Contoh No. 31', '11123456789', 1, 525, NULL, NULL, '2024-05-13 14:11:53'),
(231, '1032', '1234567921', 'Ella Wilson', 'P', '2011-11-23', 4, 'Genap-2024-2025', 0, NULL, 'Jl. Contoh No. 32', '11234567890', 1, 526, NULL, NULL, '2024-05-01 02:34:57'),
(232, '1033', '1234567922', 'Noah Taylor', 'L', '2012-01-28', 3, 'Genap-2024-2025', 0, NULL, 'Jl. Contoh No. 33', '11345678901', 1, 527, NULL, NULL, NULL),
(233, '1034', '1234567923', 'Grace Martinez', 'P', '2012-04-03', 4, 'Genap-2024-2025', 0, NULL, 'Jl. Contoh No. 34', '11456789012', 1, 528, NULL, NULL, NULL),
(234, '1035', '1234567924', 'Mia Brown', 'L', '2012-06-08', 5, 'Genap-2024-2025', 0, NULL, 'Jl. Contoh No. 35', '11567890123', 1, 529, NULL, NULL, NULL),
(235, '1036', '1234567925', 'Jack Garcia', 'P', '2012-08-13', 6, 'Genap-2024-2025', 0, NULL, 'Jl. Contoh No. 36', '11678901234', 1, 530, NULL, NULL, NULL),
(236, '1037', '1234567926', 'Charlotte Lopez', 'L', '2012-10-18', 2, 'Genap-2024-2025', 1, 'Genap-2024-2025', 'Jl. Contoh No. 37', '11789012345', 1, 531, NULL, NULL, '2024-05-13 14:11:53'),
(237, '1038', '1234567927', 'Aiden Hernandez', 'P', '2012-12-23', 4, 'Genap-2024-2025', 0, NULL, 'Jl. Contoh No. 38', '11890123456', 1, 532, NULL, NULL, '2024-05-01 02:34:57'),
(238, '1039', '1234567928', 'Avery Wilson', 'L', '2013-02-27', 3, 'Genap-2024-2025', 0, NULL, 'Jl. Contoh No. 39', '11901234567', 1, 533, NULL, NULL, NULL),
(239, '1040', '1234567929', 'Scarlett Taylor', 'P', '2013-05-04', 1, 'Ganjil-2025-2026', 0, NULL, 'Jl. Contoh No. 40', '12012345678', 1, 534, NULL, NULL, '2024-05-02 15:25:51'),
(240, '1041', '1234567930', 'James Brown', 'L', '2013-07-09', 5, 'Genap-2024-2025', 0, NULL, 'Jl. Contoh No. 41', '12123456789', 1, 535, NULL, NULL, NULL),
(241, '1042', '1234567931', 'Chloe Wilson', 'P', '2013-09-14', 6, 'Genap-2024-2025', 0, NULL, 'Jl. Contoh No. 42', '12234567890', 1, 536, NULL, NULL, NULL),
(242, '1043', '1234567932', 'Liam Smith', 'L', '2013-11-19', 2, 'Genap-2024-2025', 1, 'Genap-2024-2025', 'Jl. Contoh No. 43', '12345678901', 1, 537, NULL, NULL, '2024-05-13 14:11:53'),
(243, '1044', '1234567933', 'Lily Johnson', 'P', '2014-01-24', 1, 'Ganjil-2025-2026', 0, NULL, 'Jl. Contoh No. 44', '12456789012', 1, 538, NULL, NULL, '2024-05-02 15:25:51'),
(244, '1045', '1234567934', 'Noah Martinez', 'L', '2014-03-01', 3, 'Genap-2024-2025', 0, NULL, 'Jl. Contoh No. 45', '12567890123', 1, 539, NULL, NULL, NULL),
(245, '1046', '1234567935', 'Ella Brown', 'P', '2014-05-06', 4, 'Genap-2024-2025', 0, NULL, 'Jl. Contoh No. 46', '12678901234', 1, 540, NULL, NULL, NULL),
(246, '1047', '1234567936', 'Benjamin Garcia', 'L', '2014-07-11', 5, 'Genap-2024-2025', 0, NULL, 'Jl. Contoh No. 47', '12789012345', 1, 541, NULL, NULL, NULL),
(247, '1048', '1234567937', 'Amelia Hernandez', 'P', '2014-09-16', 6, 'Genap-2024-2025', 0, NULL, 'Jl. Contoh No. 48', '12890123456', 1, 542, NULL, NULL, NULL),
(248, '1049', '1234567938', 'Oliver Lopez', 'L', '2014-11-21', 2, 'Genap-2024-2025', 1, 'Genap-2024-2025', 'Jl. Contoh No. 49', '12901234567', 1, 543, NULL, NULL, '2024-05-13 14:11:53'),
(249, '1050', '1234567939', 'Sophia Hernandez', 'P', '2015-01-26', 1, 'Ganjil-2025-2026', 0, NULL, 'Jl. Contoh No. 50', '13012345678', 1, 544, NULL, NULL, '2024-05-02 15:25:51'),
(250, '1051', '1234567940', 'Lucas Smith', 'L', '2015-03-03', 3, 'Genap-2024-2025', 0, NULL, 'Jl. Contoh No. 51', '13123456789', 1, 513, NULL, NULL, NULL),
(251, '1052', '1234567941', 'Ava Taylor', 'P', '2015-05-08', 4, 'Genap-2024-2025', 0, NULL, 'Jl. Contoh No. 52', '13234567890', 1, 518, NULL, NULL, NULL),
(252, '1053', '1234567942', 'Mason Johnson', 'L', '2015-07-13', 5, 'Genap-2024-2025', 0, NULL, 'Jl. Contoh No. 53', '13345678901', 1, 547, NULL, NULL, NULL),
(253, '1054', '1234567943', 'Charlotte Martinez', 'P', '2015-09-18', 6, 'Genap-2024-2025', 0, NULL, 'Jl. Contoh No. 54', '13456789012', 1, 548, NULL, NULL, NULL),
(254, '1055', '1234567944', 'Ethan Garcia', 'L', '2015-11-23', 2, 'Genap-2024-2025', 1, 'Genap-2024-2025', 'Jl. Contoh No. 55', '13567890123', 1, 549, NULL, NULL, '2024-05-13 14:11:53'),
(255, '1056', '1234567945', 'Harper Wilson', 'P', '2016-01-28', 4, 'Genap-2024-2025', 0, NULL, 'Jl. Contoh No. 56', '13678901234', 1, 550, NULL, NULL, '2024-05-01 02:34:57'),
(256, '1057', '1234567946', 'Elijah Brown', 'L', '2016-04-03', 3, 'Genap-2024-2025', 0, NULL, 'Jl. Contoh No. 57', '13789012345', 1, 551, NULL, NULL, NULL),
(257, '1058', '1234567947', 'Scarlett Taylor', 'P', '2016-06-08', 1, 'Ganjil-2025-2026', 0, NULL, 'Jl. Contoh No. 58', '13890123456', 1, 534, NULL, NULL, '2024-05-02 15:25:51'),
(258, '1059', '1234567948', 'Aiden Lopez', 'L', '2016-08-13', 5, 'Genap-2024-2025', 0, NULL, 'Jl. Contoh No. 59', '13901234567', 1, 553, NULL, NULL, NULL),
(259, '1060', '1234567949', 'Madison Hernandez', 'P', '2016-10-18', 6, 'Genap-2024-2025', 0, NULL, 'Jl. Contoh No. 60', '14012345678', 1, 554, NULL, NULL, NULL),
(260, '1061', '1234567950', 'Mason Smith', 'L', '2016-12-23', 2, 'Genap-2024-2025', 1, 'Genap-2024-2025', 'Jl. Contoh No. 61', '14123456789', 1, 555, NULL, NULL, '2024-05-13 14:11:53'),
(261, '1062', '1234567951', 'Chloe Garcia', 'P', '2017-02-27', 4, 'Genap-2024-2025', 0, NULL, 'Jl. Contoh No. 62', '14234567890', 1, 556, NULL, NULL, '2024-05-01 02:34:57'),
(262, '1063', '1234567952', 'Oliver Brown', 'L', '2017-05-04', 3, 'Genap-2024-2025', 0, NULL, 'Jl. Contoh No. 63', '14345678901', 1, 557, NULL, NULL, NULL),
(263, '1064', '1234567953', 'Ella Taylor', 'P', '2017-07-09', 4, 'Genap-2024-2025', 0, NULL, 'Jl. Contoh No. 64', '14456789012', 1, 558, NULL, NULL, NULL),
(264, '1065', '1234567954', 'Ethan Hernandez', 'L', '2017-09-14', 5, 'Genap-2024-2025', 0, NULL, 'Jl. Contoh No. 65', '14567890123', 1, 559, NULL, NULL, NULL),
(265, '1066', '1234567955', 'Sophia Lopez', 'P', '2017-11-19', 6, 'Genap-2024-2025', 1, 'Genap-2024-2025', 'Jl. Contoh No. 66', '14678901234', 1, 560, NULL, NULL, '2024-05-05 12:35:18'),
(266, '1067', '1234567956', 'Logan Wilson', 'L', '2018-01-24', 2, 'Genap-2024-2025', 1, 'Genap-2024-2025', 'Jl. Contoh No. 67', '14789012345', 1, 561, NULL, NULL, '2024-05-13 14:11:53'),
(267, '1068', '1234567957', 'Avery Brown', 'P', '2018-03-01', 4, 'Genap-2024-2025', 0, NULL, 'Jl. Contoh No. 68', '14890123456', 1, 562, NULL, NULL, '2024-05-01 02:34:57'),
(268, '1069', '1234567958', 'Lucas Smith', 'L', '2018-05-06', 3, 'Genap-2024-2025', 0, NULL, 'Jl. Contoh No. 69', '14901234567', 1, 513, NULL, NULL, NULL),
(269, '1070', '1234567959', 'Emma Garcia', 'P', '2018-07-13', 4, 'Genap-2024-2025', 0, NULL, 'Jl. Contoh No. 70', '15012345678', 1, 564, NULL, NULL, NULL),
(270, '1071', '1234567960', 'Jackson Taylor', 'L', '2018-09-18', 5, 'Genap-2024-2025', 0, NULL, 'Jl. Contoh No. 71', '15123456789', 1, 565, NULL, NULL, NULL),
(271, '1072', '1234567961', 'Ava Brown', 'P', '2018-11-23', 6, 'Genap-2024-2025', 0, NULL, 'Jl. Contoh No. 72', '15234567890', 1, 566, NULL, NULL, NULL),
(272, '1073', '1234567962', 'Aiden Hernandez', 'L', '2019-01-28', 2, 'Genap-2024-2025', 1, 'Genap-2024-2025', 'Jl. Contoh No. 73', '15345678901', 1, 532, NULL, NULL, '2024-05-13 14:11:53'),
(273, '1074', '1234567963', 'Olivia Garcia', 'P', '2019-04-03', 1, 'Ganjil-2025-2026', 0, NULL, 'Jl. Contoh No. 74', '15456789012', 1, 568, NULL, NULL, '2024-05-02 15:25:51'),
(274, '1075', '1234567964', 'Elijah Lopez', 'L', '2019-06-08', 3, 'Genap-2024-2025', 0, NULL, 'Jl. Contoh No. 75', '15567890123', 1, 569, NULL, NULL, NULL),
(275, '1076', '1234567965', 'Sophia Wilson', 'P', '2019-08-13', 1, 'Ganjil-2025-2026', 0, NULL, 'Jl. Contoh No. 76', '15678901234', 1, 510, NULL, NULL, '2024-05-02 15:25:51'),
(276, '1077', '1234567966', 'Jackson Smith', 'L', '2019-10-18', 5, 'Genap-2024-2025', 0, NULL, 'Jl. Contoh No. 77', '15789012345', 1, 571, NULL, NULL, NULL),
(277, '1078', '1234567967', 'Amelia Taylor', 'P', '2019-12-23', 6, 'Genap-2024-2025', 0, NULL, 'Jl. Contoh No. 78', '15890123456', 1, 572, NULL, NULL, NULL),
(278, '1079', '1234567968', 'Ethan Brown', 'L', '2020-02-27', 2, 'Genap-2024-2025', 1, 'Genap-2024-2025', 'Jl. Contoh No. 79', '15901234567', 1, 573, NULL, NULL, '2024-05-13 14:11:53'),
(279, '1080', '1234567969', 'Isabella Garcia', 'P', '2020-05-04', 4, 'Genap-2024-2025', 0, NULL, 'Jl. Contoh No. 80', '16012345678', 1, 574, NULL, NULL, '2024-05-01 02:34:57'),
(280, '1081', '1234567970', 'Mason Hernandez', 'L', '2020-07-09', 3, 'Genap-2024-2025', 0, NULL, 'Jl. Contoh No. 81', '16123456789', 1, 575, NULL, NULL, NULL),
(281, '1082', '1234567971', 'Olivia Brown', 'P', '2020-09-14', 1, 'Ganjil-2025-2026', 0, NULL, 'Jl. Contoh No. 82', '16234567890', 1, 512, NULL, NULL, '2024-05-02 15:25:51'),
(282, '1083', '1234567972', 'Noah Lopez', 'L', '2020-11-19', 5, 'Genap-2024-2025', 0, NULL, 'Jl. Contoh No. 83', '16345678901', 1, 577, NULL, NULL, NULL),
(283, '1084', '1234567973', 'Emma Garcia', 'P', '2021-01-24', 6, 'Genap-2024-2025', 0, NULL, 'Jl. Contoh No. 84', '16456789012', 1, 564, NULL, NULL, NULL),
(284, '1085', '1234567974', 'Liam Wilson', 'L', '2021-03-01', 2, 'Genap-2024-2025', 1, 'Genap-2024-2025', 'Jl. Contoh No. 85', '16567890123', 1, 579, NULL, NULL, '2024-05-13 14:11:53'),
(285, '1086', '1234567975', 'Ava Taylor', 'P', '2021-05-06', 4, 'Genap-2024-2025', 0, NULL, 'Jl. Contoh No. 86', '16678901234', 1, 518, NULL, NULL, '2024-05-01 02:34:57'),
(286, '1087', '1234567976', 'Oliver Smith', 'L', '2021-07-13', 3, 'Genap-2024-2025', 0, NULL, 'Jl. Contoh No. 87', '16789012345', 1, 581, NULL, NULL, NULL),
(287, '1088', '1234567977', 'Sophia Brown', 'P', '2021-09-18', 1, 'Ganjil-2025-2026', 0, NULL, 'Jl. Contoh No. 88', '16890123456', 1, 582, NULL, NULL, '2024-05-02 15:25:51'),
(288, '1089', '1234567978', 'Logan Lopez', 'L', '2021-11-23', 5, 'Genap-2024-2025', 0, NULL, 'Jl. Contoh No. 89', '16901234567', 1, 583, NULL, NULL, NULL),
(289, '1090', '1234567979', 'Mia Garcia', 'P', '2022-01-28', 6, 'Genap-2024-2025', 0, NULL, 'Jl. Contoh No. 90', '17012345678', 1, 584, NULL, NULL, NULL),
(290, '1091', '1234567980', 'Elijah Hernandez', 'L', '2022-04-03', 2, 'Genap-2024-2025', 1, 'Genap-2024-2025', 'Jl. Contoh No. 91', '17123456789', 1, 585, NULL, NULL, '2024-05-13 14:11:53'),
(291, '1092', '1234567981', 'Charlotte Lopez', 'P', '2022-06-08', 4, 'Genap-2024-2025', 0, NULL, 'Jl. Contoh No. 92', '17234567890', 1, 531, NULL, NULL, '2024-05-01 02:34:57'),
(292, '1093', '1234567982', 'William Brown', 'L', '2022-08-13', 3, 'Genap-2024-2025', 0, NULL, 'Jl. Contoh No. 93', '17345678901', 1, 587, NULL, NULL, NULL),
(293, '1094', '1234567983', 'Harper Garcia', 'P', '2022-10-18', 4, 'Genap-2024-2025', 0, NULL, 'Jl. Contoh No. 94', '17456789012', 1, 588, NULL, NULL, NULL),
(294, '1095', '1234567984', 'Benjamin Lopez', 'L', '2022-12-23', 5, 'Genap-2024-2025', 0, NULL, 'Jl. Contoh No. 95', '17567890123', 1, 589, NULL, NULL, NULL),
(295, '1096', '1234567985', 'Amelia Hernandez', 'P', '2023-02-27', 6, 'Genap-2024-2025', 0, NULL, 'Jl. Contoh No. 96', '17678901234', 1, 542, NULL, NULL, NULL),
(296, '1097', '1234567986', 'Ethan Smith', 'L', '2023-05-04', 2, 'Genap-2024-2025', 1, 'Genap-2024-2025', 'Jl. Contoh No. 97', '17789012345', 1, 591, NULL, NULL, '2024-05-13 14:11:53'),
(297, '1098', '1234567987', 'Avery Garcia', 'P', '2023-07-09', 4, 'Genap-2024-2025', 0, NULL, 'Jl. Contoh No. 98', '17890123456', 1, 592, NULL, NULL, '2024-05-01 02:34:57'),
(298, '1099', '1234567988', 'Olivia Lopez', 'L', '2023-09-14', 3, 'Genap-2024-2025', 0, NULL, 'Jl. Contoh No. 99', '17901234567', 1, 593, NULL, NULL, NULL),
(299, '1100', '1234567989', 'Logan Brown', 'P', '2023-11-19', 1, 'Ganjil-2025-2026', 0, NULL, 'Jl. Contoh No. 100', '18012345678', 1, 594, NULL, NULL, '2024-05-02 15:25:51'),
(300, '1101', '1234567990', 'Ella Hernandez', 'L', '2024-01-24', 5, 'Genap-2024-2025', 0, NULL, 'Jl. Contoh No. 101', '18123456789', 1, 595, NULL, NULL, NULL),
(301, '1102', '1234567991', 'Lucas Garcia', 'P', '2024-03-01', 6, 'Genap-2024-2025', 0, NULL, 'Jl. Contoh No. 102', '18234567890', 1, 596, NULL, NULL, NULL),
(302, '1103', '1234567992', 'Ava Lopez', 'L', '2024-05-06', 2, 'Genap-2024-2025', 1, 'Genap-2024-2025', 'Jl. Contoh No. 103', '18345678901', 1, 597, NULL, NULL, '2024-05-13 14:11:53'),
(303, '1104', '1234567993', 'Oliver Brown', 'P', '2024-07-13', 1, 'Ganjil-2025-2026', 0, NULL, 'Jl. Contoh No. 104', '18456789012', 1, 557, NULL, NULL, '2024-05-02 15:25:51'),
(304, '1105', '1234567994', 'Emma Garcia', 'L', '2024-09-18', 3, 'Genap-2024-2025', 0, NULL, 'Jl. Contoh No. 105', '18567890123', 1, 564, NULL, NULL, NULL),
(305, '1106', '1234567995', 'Sophia Hernandez', 'P', '2024-11-23', 1, 'Ganjil-2025-2026', 0, NULL, 'Jl. Contoh No. 106', '18678901234', 1, 544, NULL, NULL, '2024-05-02 15:25:51'),
(306, '1107', '1234567996', 'Noah Smith', 'L', '2025-01-28', 5, 'Genap-2024-2025', 0, NULL, 'Jl. Contoh No. 107', '18789012345', 1, 601, NULL, NULL, NULL),
(307, '1108', '1234567997', 'Avery Garcia', 'P', '2025-03-03', 6, 'Genap-2024-2025', 0, NULL, 'Jl. Contoh No. 108', '18890123456', 1, 592, NULL, NULL, NULL),
(308, '1109', '1234567998', 'Isabella Lopez', 'L', '2025-05-08', 2, 'Genap-2024-2025', 1, 'Genap-2024-2025', 'Jl. Contoh No. 109', '18901234567', 1, 603, NULL, NULL, '2024-05-13 14:11:53'),
(309, '1110', '1234567999', 'Elijah Brown', 'P', '2025-07-13', 4, 'Genap-2024-2025', 0, NULL, 'Jl. Contoh No. 110', '19012345678', 1, 551, NULL, NULL, '2024-05-01 02:34:57'),
(310, '1111', '1234568000', 'Charlotte Garcia', 'L', '2025-09-18', 3, 'Genap-2024-2025', 0, NULL, 'Jl. Contoh No. 111', '19123456789', 1, 605, NULL, NULL, NULL),
(311, '1112', '1234568001', 'Jack Lopez', 'P', '2025-11-23', 1, 'Ganjil-2025-2026', 0, NULL, 'Jl. Contoh No. 112', '19234567890', 1, 606, NULL, NULL, '2024-05-02 15:25:51'),
(312, '1113', '1234568002', 'Liam Smith', 'L', '2026-01-28', 5, 'Genap-2024-2025', 0, NULL, 'Jl. Contoh No. 113', '19345678901', 1, 537, NULL, NULL, NULL),
(313, '1114', '1234568003', 'Ava Garcia', 'P', '2026-03-05', 6, 'Genap-2024-2025', 0, NULL, 'Jl. Contoh No. 114', '19456789012', 1, 608, NULL, NULL, NULL),
(314, '1115', '1234568004', 'Mason Brown', 'L', '2026-05-10', 2, 'Genap-2024-2025', 1, 'Genap-2024-2025', 'Jl. Contoh No. 115', '19567890123', 1, 609, NULL, NULL, '2024-05-13 14:11:53'),
(315, '1116', '1234568005', 'Emma Lopez', 'P', '2026-07-15', 4, 'Genap-2024-2025', 0, NULL, 'Jl. Contoh No. 116', '19678901234', 1, 610, NULL, NULL, '2024-05-01 02:34:57'),
(316, '1117', '1234568006', 'Ethan Smith', 'L', '2026-09-20', 3, 'Genap-2024-2025', 0, NULL, 'Jl. Contoh No. 117', '19789012345', 1, 591, NULL, NULL, NULL),
(317, '1118', '1234568007', 'Olivia Garcia', 'P', '2026-11-25', 1, 'Ganjil-2025-2026', 0, NULL, 'Jl. Contoh No. 118', '19890123456', 1, 568, NULL, NULL, '2024-05-02 15:25:51'),
(318, '1119', '1234568008', 'Liam Brown', 'L', '2027-01-30', 5, 'Genap-2024-2025', 0, NULL, 'Jl. Contoh No. 119', '19901234567', 1, 525, NULL, NULL, NULL),
(319, '1120', '1234568009', 'Ava Lopez', 'P', '2027-04-06', 6, 'Genap-2024-2025', 0, NULL, 'Jl. Contoh No. 120', '20012345678', 1, 597, NULL, NULL, NULL),
(320, '1121', '1234568010', 'Oliver Smith', 'L', '2027-06-11', 2, 'Genap-2024-2025', 1, 'Genap-2024-2025', 'Jl. Contoh No. 121', '20123456789', 1, 581, NULL, NULL, '2024-05-13 14:11:53'),
(321, '1122', '1234568011', 'Sophia Garcia', 'P', '2027-08-16', 1, 'Ganjil-2025-2026', 0, NULL, 'Jl. Contoh No. 122', '20234567890', 1, 504, NULL, NULL, '2024-05-02 15:25:51'),
(322, '1123', '1234568012', 'Logan Brown', 'L', '2027-10-21', 3, 'Genap-2024-2025', 0, NULL, 'Jl. Contoh No. 123', '20345678901', 1, 594, NULL, NULL, NULL),
(323, '1124', '1234568013', 'Mia Lopez', 'P', '2027-12-26', 1, 'Ganjil-2025-2026', 0, NULL, 'Jl. Contoh No. 124', '20456789012', 1, 618, NULL, NULL, '2024-05-02 15:25:51'),
(324, '1125', '1234568014', 'Lucas Smith', 'L', '2028-02-29', 5, 'Genap-2024-2025', 0, NULL, 'Jl. Contoh No. 125', '20567890123', 1, 513, NULL, NULL, NULL),
(325, '1126', '1234568015', 'Charlotte Garcia', 'P', '2028-05-05', 6, 'Genap-2024-2025', 0, NULL, 'Jl. Contoh No. 126', '20678901234', 1, 605, NULL, NULL, NULL),
(326, '1127', '1234568016', 'Elijah Brown', 'L', '2028-07-10', 2, 'Genap-2024-2025', 1, 'Genap-2024-2025', 'Jl. Contoh No. 127', '20789012345', 1, 551, NULL, NULL, '2024-05-13 14:11:53'),
(327, '1128', '1234568017', 'Ava Lopez', 'P', '2028-09-14', 4, 'Genap-2024-2025', 0, NULL, 'Jl. Contoh No. 128', '20890123456', 1, 597, NULL, NULL, '2024-05-01 02:34:57'),
(328, '1129', '1234568018', 'Benjamin Smith', 'L', '2028-11-19', 3, 'Genap-2024-2025', 0, NULL, 'Jl. Contoh No. 129', '20901234567', 1, 623, NULL, NULL, NULL),
(329, '1130', '1234568019', 'Emma Garcia', 'P', '2029-01-24', 4, 'Genap-2024-2025', 0, NULL, 'Jl. Contoh No. 130', '21012345678', 1, 564, NULL, NULL, NULL),
(330, '1131', '1234568020', 'Ethan Brown', 'L', '2029-03-01', 5, 'Genap-2024-2025', 0, NULL, 'Jl. Contoh No. 131', '21123456789', 1, 573, NULL, NULL, NULL),
(331, '1132', '1234568021', 'Olivia Lopez', 'P', '2029-05-06', 6, 'Genap-2024-2025', 0, NULL, 'Jl. Contoh No. 132', '21234567890', 1, 593, NULL, NULL, NULL),
(332, '1133', '1234568022', 'William Smith', 'L', '2029-07-11', 2, 'Genap-2024-2025', 1, 'Genap-2024-2025', 'Jl. Contoh No. 133', '21345678901', 1, 627, NULL, NULL, '2024-05-13 14:11:53'),
(333, '1134', '1234568023', 'Isabella Garcia', 'P', '2029-09-16', 1, 'Ganjil-2025-2026', 0, NULL, 'Jl. Contoh No. 134', '21456789012', 1, 574, NULL, NULL, '2024-05-02 15:25:51'),
(334, '1135', '1234568024', 'Lucas Brown', 'L', '2029-11-21', 3, 'Genap-2024-2025', 0, NULL, 'Jl. Contoh No. 135', '21567890123', 1, 629, NULL, NULL, NULL),
(335, '1136', '1234568025', 'Olivia Lopez', 'P', '2030-01-26', 1, 'Ganjil-2025-2026', 0, NULL, 'Jl. Contoh No. 136', '21678901234', 1, 593, NULL, NULL, '2024-05-02 15:25:51'),
(336, '1137', '1234568026', 'Ethan Smith', 'L', '2030-03-03', 5, 'Genap-2024-2025', 0, NULL, 'Jl. Contoh No. 137', '21789012345', 1, 591, NULL, NULL, NULL),
(337, '1138', '1234568027', 'Emma Garcia', 'P', '2030-05-08', 6, 'Genap-2024-2025', 0, NULL, 'Jl. Contoh No. 138', '21890123456', 1, 564, NULL, NULL, NULL),
(338, '1139', '1234568028', 'Oliver Brown', 'L', '2030-07-13', 2, 'Genap-2024-2025', 1, 'Genap-2024-2025', 'Jl. Contoh No. 139', '21901234567', 1, 557, NULL, NULL, '2024-05-13 14:11:53'),
(339, '1140', '1234568029', 'Sophia Lopez', 'P', '2030-09-18', 1, 'Ganjil-2025-2026', 0, NULL, 'Jl. Contoh No. 140', '22012345678', 1, 560, NULL, NULL, '2024-05-02 15:25:51'),
(340, '1141', '1234568030', 'Noah Smith', 'L', '2030-11-23', 3, 'Genap-2024-2025', 0, NULL, 'Jl. Contoh No. 141', '22123456789', 1, 601, NULL, NULL, NULL),
(341, '1142', '1234568031', 'Avery Garcia', 'P', '2031-01-28', 4, 'Genap-2024-2025', 0, NULL, 'Jl. Contoh No. 142', '22234567890', 1, 592, NULL, NULL, NULL),
(342, '1143', '1234568032', 'Mia Brown', 'L', '2031-04-03', 5, 'Genap-2024-2025', 0, NULL, 'Jl. Contoh No. 143', '22345678901', 1, 529, NULL, NULL, NULL),
(343, '1144', '1234568033', 'Elijah Lopez', 'P', '2031-06-08', 6, 'Genap-2024-2025', 0, NULL, 'Jl. Contoh No. 144', '22456789012', 1, 569, NULL, NULL, NULL),
(344, '1145', '1234568034', 'Ava Smith', 'L', '2031-08-13', 2, 'Genap-2024-2025', 1, 'Genap-2024-2025', 'Jl. Contoh No. 145', '22567890123', 1, 639, NULL, NULL, '2024-05-13 14:11:53'),
(345, '1146', '1234568035', 'Oliver Garcia', 'P', '2031-10-18', 1, 'Ganjil-2025-2026', 0, NULL, 'Jl. Contoh No. 146', '22678901234', 1, 640, NULL, NULL, '2024-05-02 15:25:51'),
(346, '1147', '1234568036', 'Sophia Lopez', 'L', '2031-12-23', 3, 'Genap-2024-2025', 0, NULL, 'Jl. Contoh No. 147', '22789012345', 1, 560, NULL, NULL, NULL),
(347, '1148', '1234568037', 'Jackson Brown', 'P', '2032-02-27', 1, 'Ganjil-2025-2026', 0, NULL, 'Jl. Contoh No. 148', '22890123456', 1, 642, NULL, NULL, '2024-05-02 15:25:51'),
(348, '1149', '1234568038', 'Emma Garcia', 'L', '2032-05-03', 5, 'Genap-2024-2025', 0, NULL, 'Jl. Contoh No. 149', '22901234567', 1, 564, NULL, NULL, NULL),
(349, '1150', '1234568039', 'Mason Smith', 'P', '2032-07-08', 6, 'Genap-2024-2025', 0, NULL, 'Jl. Contoh No. 150', '23012345678', 1, 555, NULL, NULL, NULL),
(350, '1151', '1234568040', 'Olivia Lopez', 'L', '2032-09-13', 2, 'Genap-2024-2025', 1, 'Genap-2024-2025', 'Jl. Contoh No. 151', '23123456789', 1, 593, NULL, NULL, '2024-05-13 14:11:53'),
(351, '1152', '1234568041', 'Ethan Garcia', 'P', '2032-11-18', 4, 'Genap-2024-2025', 0, NULL, 'Jl. Contoh No. 152', '23234567890', 1, 549, NULL, NULL, '2024-05-01 02:34:57'),
(352, '1153', '1234568042', 'Oliver Smith', 'L', '2033-01-23', 3, 'Genap-2024-2025', 0, NULL, 'Jl. Contoh No. 153', '23345678901', 1, 581, NULL, NULL, NULL),
(353, '1154', '1234568043', 'Ava Brown', 'P', '2033-03-30', 4, 'Genap-2024-2025', 0, NULL, 'Jl. Contoh No. 154', '23456789012', 1, 566, NULL, NULL, NULL),
(354, '1155', '1234568044', 'Lucas Lopez', 'L', '2033-06-04', 5, 'Genap-2024-2025', 0, NULL, 'Jl. Contoh No. 155', '23567890123', 1, 649, NULL, NULL, NULL),
(355, '1156', '1234568045', 'Emma Garcia', 'P', '2033-08-09', 6, 'Genap-2024-2025', 0, NULL, 'Jl. Contoh No. 156', '23678901234', 1, 564, NULL, NULL, NULL),
(356, '1157', '1234568046', 'Olivia Smith', 'L', '2033-10-14', 2, 'Genap-2024-2025', 1, 'Genap-2024-2025', 'Jl. Contoh No. 157', '23789012345', 1, 651, NULL, NULL, '2024-05-13 14:11:53'),
(357, '1158', '1234568047', 'Noah Garcia', 'P', '2033-12-19', 1, 'Ganjil-2025-2026', 0, NULL, 'Jl. Contoh No. 158', '23890123456', 1, 652, NULL, NULL, '2024-05-02 15:25:51'),
(358, '1159', '1234568048', 'Isabella Smith', 'L', '2034-02-24', 3, 'Genap-2024-2025', 0, NULL, 'Jl. Contoh No. 159', '23901234567', 1, 653, NULL, NULL, NULL),
(359, '1160', '1234568049', 'Aiden Garcia', 'P', '2034-04-29', 4, 'Genap-2024-2025', 0, NULL, 'Jl. Contoh No. 160', '24012345678', 1, 654, NULL, NULL, NULL),
(360, '1161', '1234568050', 'Sophia Smith', 'L', '2034-07-04', 5, 'Genap-2024-2025', 0, NULL, 'Jl. Contoh No. 161', '24123456789', 1, 655, NULL, NULL, NULL),
(361, '1162', '1234568051', 'Elijah Brown', 'P', '2034-09-09', 6, 'Genap-2024-2025', 0, NULL, 'Jl. Contoh No. 162', '24234567890', 1, 551, NULL, NULL, NULL),
(362, '1163', '1234568052', 'Charlotte Garcia', 'L', '2034-11-14', 2, 'Genap-2024-2025', 1, 'Genap-2024-2025', 'Jl. Contoh No. 163', '24345678901', 1, 605, NULL, NULL, '2024-05-13 14:11:53'),
(363, '1164', '1234568053', 'Jackson Lopez', 'P', '2035-01-19', 1, 'Ganjil-2025-2026', 0, NULL, 'Jl. Contoh No. 164', '24456789012', 1, 658, NULL, NULL, '2024-05-02 15:25:51'),
(364, '1165', '1234568054', 'Sophia Smith', 'L', '2035-03-26', 3, 'Genap-2024-2025', 0, NULL, 'Jl. Contoh No. 165', '24567890123', 1, 655, NULL, NULL, NULL),
(365, '1166', '1234568055', 'Oliver Garcia', 'P', '2035-05-31', 1, 'Ganjil-2025-2026', 0, NULL, 'Jl. Contoh No. 166', '24678901234', 1, 640, NULL, NULL, '2024-05-02 15:25:51'),
(366, '1167', '1234568056', 'Emma Brown', 'L', '2035-08-05', 5, 'Genap-2024-2025', 0, NULL, 'Jl. Contoh No. 167', '24789012345', 1, 500, NULL, NULL, NULL),
(367, '1168', '1234568057', 'Noah Garcia', 'P', '2035-10-10', 6, 'Genap-2024-2025', 0, NULL, 'Jl. Contoh No. 168', '24890123456', 1, 652, NULL, NULL, NULL),
(368, '1169', '1234568058', 'Sophia Smith', 'L', '2035-12-15', 2, 'Genap-2024-2025', 1, 'Genap-2024-2025', 'Jl. Contoh No. 169', '24901234567', 1, 655, NULL, NULL, '2024-05-13 14:11:53'),
(369, '1170', '1234568059', 'Oliver Brown', 'P', '2036-02-20', 1, 'Ganjil-2025-2026', 0, NULL, 'Jl. Contoh No. 170', '25012345678', 1, 557, NULL, NULL, '2024-05-02 15:25:51'),
(370, '1171', '1234568060', 'Isabella Garcia', 'L', '2036-04-26', 3, 'Genap-2024-2025', 0, NULL, 'Jl. Contoh No. 171', '25123456789', 1, 574, NULL, NULL, NULL),
(371, '1172', '1234568061', 'Aiden Smith', 'P', '2036-07-01', 4, 'Genap-2024-2025', 0, NULL, 'Jl. Contoh No. 172', '25234567890', 1, 666, NULL, NULL, NULL),
(372, '1173', '1234568062', 'Charlotte Brown', 'L', '2036-09-06', 5, 'Genap-2024-2025', 0, NULL, 'Jl. Contoh No. 173', '25345678901', 1, 516, NULL, NULL, NULL),
(373, '1174', '1234568063', 'Jackson Garcia', 'P', '2036-11-11', 6, 'Genap-2024-2025', 0, NULL, 'Jl. Contoh No. 174', '25456789012', 1, 668, NULL, NULL, NULL),
(374, '1175', '1234568064', 'Sophia Smith', 'L', '2037-01-16', 2, 'Genap-2024-2025', 1, 'Genap-2024-2025', 'Jl. Contoh No. 175', '25567890123', 1, 655, NULL, NULL, '2024-05-13 14:11:53'),
(375, '1176', '1234568065', 'Oliver Brown', 'P', '2037-03-23', 1, 'Ganjil-2025-2026', 0, NULL, 'Jl. Contoh No. 176', '25678901234', 1, 557, NULL, NULL, '2024-05-02 15:25:51'),
(376, '1177', '1234568066', 'Isabella Garcia', 'L', '2037-05-28', 3, 'Genap-2024-2025', 0, NULL, 'Jl. Contoh No. 177', '25789012345', 1, 574, NULL, NULL, NULL),
(377, '1178', '1234568067', 'Aiden Smith', 'P', '2037-08-02', 4, 'Genap-2024-2025', 0, NULL, 'Jl. Contoh No. 178', '25890123456', 1, 666, NULL, NULL, NULL),
(378, '1179', '1234568068', 'Charlotte Brown', 'L', '2037-10-07', 5, 'Genap-2024-2025', 0, NULL, 'Jl. Contoh No. 179', '25901234567', 1, 516, NULL, NULL, NULL),
(379, '1180', '1234568069', 'Jackson Garcia', 'P', '2037-12-12', 6, 'Genap-2024-2025', 0, NULL, 'Jl. Contoh No. 180', '26012345678', 1, 668, NULL, NULL, NULL),
(380, '1309', '1029384756', 'Nicole Waterson', 'P', '2014-07-10', 2, 'Genap-2024-2025', 1, 'Genap-2024-2025', 'Jl. Contoh III No. 3B', '0812345678', 4, 759, '', '2024-05-01 03:02:31', '2024-05-13 14:11:53'),
(381, '564718', '896574567', 'syaiful rochman', 'L', '2001-09-19', 2, 'Genap-2024-2025', 1, 'Genap-2024-2025', 'kediri', '089616864716', 1, 762, '', '2024-05-01 13:32:11', '2024-05-13 14:11:53');

-- --------------------------------------------------------

--
-- Table structure for table `users`
--

CREATE TABLE `users` (
  `id` bigint UNSIGNED NOT NULL,
  `nama` varchar(255) CHARACTER SET utf8mb4 COLLATE utf8mb4_unicode_ci NOT NULL,
  `username` varchar(255) CHARACTER SET utf8mb4 COLLATE utf8mb4_unicode_ci DEFAULT NULL,
  `password` varchar(255) CHARACTER SET utf8mb4 COLLATE utf8mb4_unicode_ci DEFAULT NULL,
  `role` enum('admin','siswa','guru','') CHARACTER SET utf8mb4 COLLATE utf8mb4_unicode_ci NOT NULL,
  `isactive` tinyint(1) NOT NULL DEFAULT '1',
  `created_at` timestamp NULL DEFAULT NULL,
  `updated_at` timestamp NULL DEFAULT NULL,
  `id_siswa` bigint UNSIGNED DEFAULT NULL,
  `id_guru` bigint UNSIGNED DEFAULT NULL,
  `id_admin` bigint DEFAULT NULL
) ENGINE=InnoDB DEFAULT CHARSET=utf8mb4 COLLATE=utf8mb4_unicode_ci;

--
-- Dumping data for table `users`
--

INSERT INTO `users` (`id`, `nama`, `username`, `password`, `role`, `isactive`, `created_at`, `updated_at`, `id_siswa`, `id_guru`, `id_admin`) VALUES
(10, '', 'admin', '$2y$10$kogkQXny1UF/RBrtntX3HOkjkYFpKswX3qU9J6hFIBOZcgY63chM.', 'admin', 0, '2024-01-05 09:32:58', '2024-05-03 00:02:40', NULL, NULL, NULL),
(495, 'John Doe', '1001', '$2y$10$pW7Wg4TsJAL.P7bYEWYpy.KnULx4fvCXvonvk5sp7oIjXMg2w8HP.', 'siswa', 1, '2024-04-30 05:57:53', '2024-04-30 05:57:53', 200, NULL, NULL),
(496, 'Jane Doe', '1002werewr', '$2y$10$4eHAqZabiiX.he62LXwq..xcY7247SdflcixxHkx2hmgpYLYxnBe2', 'siswa', 1, '2024-04-30 05:57:53', '2024-05-01 13:35:27', NULL, NULL, NULL),
(497, 'Michael Smith', '1003', '$2y$10$pW7Wg4TsJAL.P7bYEWYpy.KnULx4fvCXvonvk5sp7oIjXMg2w8HP.', 'siswa', 1, '2024-04-30 05:57:53', '2024-04-30 05:57:53', 202, NULL, NULL),
(498, 'Emily Johnson', '1004', '$2y$10$pW7Wg4TsJAL.P7bYEWYpy.KnULx4fvCXvonvk5sp7oIjXMg2w8HP.', 'siswa', 1, '2024-04-30 05:57:53', '2024-04-30 05:57:53', 203, NULL, NULL),
(499, 'David Williams', '1005', '$2y$10$pW7Wg4TsJAL.P7bYEWYpy.KnULx4fvCXvonvk5sp7oIjXMg2w8HP.', 'siswa', 1, '2024-04-30 05:57:53', '2024-04-30 05:57:53', 204, NULL, NULL),
(500, 'Emma Brown', '1006', '$2y$10$pW7Wg4TsJAL.P7bYEWYpy.KnULx4fvCXvonvk5sp7oIjXMg2w8HP.', 'siswa', 1, '2024-04-30 05:57:53', '2024-04-30 05:57:53', 205, NULL, NULL),
(501, 'James Wilson', '1007', '$2y$10$pW7Wg4TsJAL.P7bYEWYpy.KnULx4fvCXvonvk5sp7oIjXMg2w8HP.', 'siswa', 1, '2024-04-30 05:57:53', '2024-04-30 05:57:53', 206, NULL, NULL),
(502, 'Olivia Taylor', '1008', '$2y$10$pW7Wg4TsJAL.P7bYEWYpy.KnULx4fvCXvonvk5sp7oIjXMg2w8HP.', 'siswa', 1, '2024-04-30 05:57:53', '2024-04-30 05:57:53', 207, NULL, NULL),
(503, 'Daniel Martinez', '1009', '$2y$10$pW7Wg4TsJAL.P7bYEWYpy.KnULx4fvCXvonvk5sp7oIjXMg2w8HP.', 'siswa', 1, '2024-04-30 05:57:53', '2024-04-30 05:57:53', 208, NULL, NULL),
(504, 'Sophia Garcia', '1010', '$2y$10$pW7Wg4TsJAL.P7bYEWYpy.KnULx4fvCXvonvk5sp7oIjXMg2w8HP.', 'siswa', 1, '2024-04-30 05:57:53', '2024-04-30 05:57:53', 209, NULL, NULL),
(505, 'Alexander Rodriguez', '1011', '$2y$10$pW7Wg4TsJAL.P7bYEWYpy.KnULx4fvCXvonvk5sp7oIjXMg2w8HP.', 'siswa', 1, '2024-04-30 05:57:53', '2024-04-30 05:57:53', 210, NULL, NULL),
(506, 'Isabella Hernandez', '1012', '$2y$10$pW7Wg4TsJAL.P7bYEWYpy.KnULx4fvCXvonvk5sp7oIjXMg2w8HP.', 'siswa', 1, '2024-04-30 05:57:53', '2024-04-30 05:57:53', 211, NULL, NULL),
(507, 'William Lopez', '1013', '$2y$10$pW7Wg4TsJAL.P7bYEWYpy.KnULx4fvCXvonvk5sp7oIjXMg2w8HP.', 'siswa', 1, '2024-04-30 05:57:53', '2024-04-30 05:57:53', 212, NULL, NULL),
(508, 'Mia Martinez', '1014', '$2y$10$pW7Wg4TsJAL.P7bYEWYpy.KnULx4fvCXvonvk5sp7oIjXMg2w8HP.', 'siswa', 1, '2024-04-30 05:57:53', '2024-04-30 05:57:53', 213, NULL, NULL),
(509, 'James Gonzalez', '1015', '$2y$10$pW7Wg4TsJAL.P7bYEWYpy.KnULx4fvCXvonvk5sp7oIjXMg2w8HP.', 'siswa', 1, '2024-04-30 05:57:53', '2024-04-30 05:57:53', 214, NULL, NULL),
(510, 'Sophia Wilson', '1016', '$2y$10$pW7Wg4TsJAL.P7bYEWYpy.KnULx4fvCXvonvk5sp7oIjXMg2w8HP.', 'siswa', 1, '2024-04-30 05:57:53', '2024-04-30 05:57:53', 215, NULL, NULL),
(511, 'Benjamin Taylor', '1017', '$2y$10$pW7Wg4TsJAL.P7bYEWYpy.KnULx4fvCXvonvk5sp7oIjXMg2w8HP.', 'siswa', 1, '2024-04-30 05:57:53', '2024-04-30 05:57:53', 216, NULL, NULL),
(512, 'Olivia Brown', '1018', '$2y$10$pW7Wg4TsJAL.P7bYEWYpy.KnULx4fvCXvonvk5sp7oIjXMg2w8HP.', 'siswa', 1, '2024-04-30 05:57:53', '2024-04-30 05:57:53', 217, NULL, NULL),
(513, 'Lucas Smith', '1019', '$2y$10$pW7Wg4TsJAL.P7bYEWYpy.KnULx4fvCXvonvk5sp7oIjXMg2w8HP.', 'siswa', 1, '2024-04-30 05:57:53', '2024-04-30 05:57:53', 218, NULL, NULL),
(514, 'Amelia Johnson', '1020', '$2y$10$pW7Wg4TsJAL.P7bYEWYpy.KnULx4fvCXvonvk5sp7oIjXMg2w8HP.', 'siswa', 1, '2024-04-30 05:57:53', '2024-04-30 05:57:53', 219, NULL, NULL),
(515, 'Michael Williams', '1021', '$2y$10$pW7Wg4TsJAL.P7bYEWYpy.KnULx4fvCXvonvk5sp7oIjXMg2w8HP.', 'siswa', 1, '2024-04-30 05:57:53', '2024-04-30 05:57:53', 220, NULL, NULL),
(516, 'Charlotte Brown', '1022', '$2y$10$pW7Wg4TsJAL.P7bYEWYpy.KnULx4fvCXvonvk5sp7oIjXMg2w8HP.', 'siswa', 1, '2024-04-30 05:57:53', '2024-04-30 05:57:53', 221, NULL, NULL),
(517, 'Ethan Wilson', '1023', '$2y$10$pW7Wg4TsJAL.P7bYEWYpy.KnULx4fvCXvonvk5sp7oIjXMg2w8HP.', 'siswa', 1, '2024-04-30 05:57:53', '2024-04-30 05:57:53', 222, NULL, NULL),
(518, 'Ava Taylor', '1024', '$2y$10$pW7Wg4TsJAL.P7bYEWYpy.KnULx4fvCXvonvk5sp7oIjXMg2w8HP.', 'siswa', 1, '2024-04-30 05:57:53', '2024-04-30 05:57:53', 223, NULL, NULL),
(519, 'Mason Martinez', '1025', '$2y$10$pW7Wg4TsJAL.P7bYEWYpy.KnULx4fvCXvonvk5sp7oIjXMg2w8HP.', 'siswa', 1, '2024-04-30 05:57:53', '2024-04-30 05:57:53', 224, NULL, NULL),
(520, 'Harper Gonzalez', '1026', '$2y$10$pW7Wg4TsJAL.P7bYEWYpy.KnULx4fvCXvonvk5sp7oIjXMg2w8HP.', 'siswa', 1, '2024-04-30 05:57:53', '2024-04-30 05:57:53', 225, NULL, NULL),
(521, 'Aiden Wilson', '1027', '$2y$10$pW7Wg4TsJAL.P7bYEWYpy.KnULx4fvCXvonvk5sp7oIjXMg2w8HP.', 'siswa', 1, '2024-04-30 05:57:53', '2024-04-30 05:57:53', 226, NULL, NULL),
(522, 'Evelyn Smith', '1028', '$2y$10$pW7Wg4TsJAL.P7bYEWYpy.KnULx4fvCXvonvk5sp7oIjXMg2w8HP.', 'siswa', 1, '2024-04-30 05:57:53', '2024-04-30 05:57:53', 227, NULL, NULL),
(523, 'Logan Johnson', '1029', '$2y$10$pW7Wg4TsJAL.P7bYEWYpy.KnULx4fvCXvonvk5sp7oIjXMg2w8HP.', 'siswa', 1, '2024-04-30 05:57:53', '2024-04-30 05:57:53', 228, NULL, NULL),
(524, 'Avery Williams', '1030', '$2y$10$pW7Wg4TsJAL.P7bYEWYpy.KnULx4fvCXvonvk5sp7oIjXMg2w8HP.', 'siswa', 1, '2024-04-30 05:57:53', '2024-04-30 05:57:53', 229, NULL, NULL),
(525, 'Liam Brown', '1031', '$2y$10$pW7Wg4TsJAL.P7bYEWYpy.KnULx4fvCXvonvk5sp7oIjXMg2w8HP.', 'siswa', 1, '2024-04-30 05:57:53', '2024-04-30 05:57:53', 230, NULL, NULL),
(526, 'Ella Wilson', '1032', '$2y$10$pW7Wg4TsJAL.P7bYEWYpy.KnULx4fvCXvonvk5sp7oIjXMg2w8HP.', 'siswa', 1, '2024-04-30 05:57:53', '2024-04-30 05:57:53', 231, NULL, NULL),
(527, 'Noah Taylor', '1033', '$2y$10$pW7Wg4TsJAL.P7bYEWYpy.KnULx4fvCXvonvk5sp7oIjXMg2w8HP.', 'siswa', 1, '2024-04-30 05:57:53', '2024-04-30 05:57:53', 232, NULL, NULL),
(528, 'Grace Martinez', '1034', '$2y$10$pW7Wg4TsJAL.P7bYEWYpy.KnULx4fvCXvonvk5sp7oIjXMg2w8HP.', 'siswa', 1, '2024-04-30 05:57:53', '2024-04-30 05:57:53', 233, NULL, NULL),
(529, 'Mia Brown', '1035', '$2y$10$pW7Wg4TsJAL.P7bYEWYpy.KnULx4fvCXvonvk5sp7oIjXMg2w8HP.', 'siswa', 1, '2024-04-30 05:57:53', '2024-04-30 05:57:53', 234, NULL, NULL),
(530, 'Jack Garcia', '1036', '$2y$10$pW7Wg4TsJAL.P7bYEWYpy.KnULx4fvCXvonvk5sp7oIjXMg2w8HP.', 'siswa', 1, '2024-04-30 05:57:53', '2024-04-30 05:57:53', 235, NULL, NULL),
(531, 'Charlotte Lopez', '1037', '$2y$10$pW7Wg4TsJAL.P7bYEWYpy.KnULx4fvCXvonvk5sp7oIjXMg2w8HP.', 'siswa', 1, '2024-04-30 05:57:53', '2024-04-30 05:57:53', 236, NULL, NULL),
(532, 'Aiden Hernandez', '1038', '$2y$10$pW7Wg4TsJAL.P7bYEWYpy.KnULx4fvCXvonvk5sp7oIjXMg2w8HP.', 'siswa', 1, '2024-04-30 05:57:53', '2024-04-30 05:57:53', 237, NULL, NULL),
(533, 'Avery Wilson', '1039', '$2y$10$pW7Wg4TsJAL.P7bYEWYpy.KnULx4fvCXvonvk5sp7oIjXMg2w8HP.', 'siswa', 1, '2024-04-30 05:57:53', '2024-04-30 05:57:53', 238, NULL, NULL),
(534, 'Scarlett Taylor', '1040', '$2y$10$pW7Wg4TsJAL.P7bYEWYpy.KnULx4fvCXvonvk5sp7oIjXMg2w8HP.', 'siswa', 1, '2024-04-30 05:57:53', '2024-04-30 05:57:53', 239, NULL, NULL),
(535, 'James Brown', '1041', '$2y$10$pW7Wg4TsJAL.P7bYEWYpy.KnULx4fvCXvonvk5sp7oIjXMg2w8HP.', 'siswa', 1, '2024-04-30 05:57:53', '2024-04-30 05:57:53', 240, NULL, NULL),
(536, 'Chloe Wilson', '1042', '$2y$10$pW7Wg4TsJAL.P7bYEWYpy.KnULx4fvCXvonvk5sp7oIjXMg2w8HP.', 'siswa', 1, '2024-04-30 05:57:53', '2024-04-30 05:57:53', 241, NULL, NULL),
(537, 'Liam Smith', '1043', '$2y$10$pW7Wg4TsJAL.P7bYEWYpy.KnULx4fvCXvonvk5sp7oIjXMg2w8HP.', 'siswa', 1, '2024-04-30 05:57:53', '2024-04-30 05:57:53', 242, NULL, NULL),
(538, 'Lily Johnson', '1044', '$2y$10$pW7Wg4TsJAL.P7bYEWYpy.KnULx4fvCXvonvk5sp7oIjXMg2w8HP.', 'siswa', 1, '2024-04-30 05:57:53', '2024-04-30 05:57:53', 243, NULL, NULL),
(539, 'Noah Martinez', '1045', '$2y$10$pW7Wg4TsJAL.P7bYEWYpy.KnULx4fvCXvonvk5sp7oIjXMg2w8HP.', 'siswa', 1, '2024-04-30 05:57:53', '2024-04-30 05:57:53', 244, NULL, NULL),
(540, 'Ella Brown', '1046', '$2y$10$pW7Wg4TsJAL.P7bYEWYpy.KnULx4fvCXvonvk5sp7oIjXMg2w8HP.', 'siswa', 1, '2024-04-30 05:57:53', '2024-04-30 05:57:53', 245, NULL, NULL),
(541, 'Benjamin Garcia', '1047', '$2y$10$pW7Wg4TsJAL.P7bYEWYpy.KnULx4fvCXvonvk5sp7oIjXMg2w8HP.', 'siswa', 1, '2024-04-30 05:57:53', '2024-04-30 05:57:53', 246, NULL, NULL),
(542, 'Amelia Hernandez', '1048', '$2y$10$pW7Wg4TsJAL.P7bYEWYpy.KnULx4fvCXvonvk5sp7oIjXMg2w8HP.', 'siswa', 1, '2024-04-30 05:57:53', '2024-04-30 05:57:53', 247, NULL, NULL),
(543, 'Oliver Lopez', '1049', '$2y$10$pW7Wg4TsJAL.P7bYEWYpy.KnULx4fvCXvonvk5sp7oIjXMg2w8HP.', 'siswa', 1, '2024-04-30 05:57:53', '2024-04-30 05:57:53', 248, NULL, NULL),
(544, 'Sophia Hernandez', '1050', '$2y$10$pW7Wg4TsJAL.P7bYEWYpy.KnULx4fvCXvonvk5sp7oIjXMg2w8HP.', 'siswa', 1, '2024-04-30 05:57:53', '2024-04-30 05:57:53', 249, NULL, NULL),
(545, 'Lucas Smith', '1051', '$2y$10$pW7Wg4TsJAL.P7bYEWYpy.KnULx4fvCXvonvk5sp7oIjXMg2w8HP.', 'siswa', 1, '2024-04-30 05:57:53', '2024-04-30 05:57:53', 250, NULL, NULL),
(546, 'Ava Taylor', '1052', '$2y$10$pW7Wg4TsJAL.P7bYEWYpy.KnULx4fvCXvonvk5sp7oIjXMg2w8HP.', 'siswa', 1, '2024-04-30 05:57:53', '2024-04-30 05:57:53', 251, NULL, NULL),
(547, 'Mason Johnson', '1053', '$2y$10$pW7Wg4TsJAL.P7bYEWYpy.KnULx4fvCXvonvk5sp7oIjXMg2w8HP.', 'siswa', 1, '2024-04-30 05:57:53', '2024-04-30 05:57:53', 252, NULL, NULL),
(548, 'Charlotte Martinez', '1054', '$2y$10$pW7Wg4TsJAL.P7bYEWYpy.KnULx4fvCXvonvk5sp7oIjXMg2w8HP.', 'siswa', 1, '2024-04-30 05:57:53', '2024-04-30 05:57:53', 253, NULL, NULL),
(549, 'Ethan Garcia', '1055', '$2y$10$pW7Wg4TsJAL.P7bYEWYpy.KnULx4fvCXvonvk5sp7oIjXMg2w8HP.', 'siswa', 1, '2024-04-30 05:57:53', '2024-04-30 05:57:53', 254, NULL, NULL),
(550, 'Harper Wilson', '1056', '$2y$10$pW7Wg4TsJAL.P7bYEWYpy.KnULx4fvCXvonvk5sp7oIjXMg2w8HP.', 'siswa', 1, '2024-04-30 05:57:53', '2024-04-30 05:57:53', 255, NULL, NULL),
(551, 'Elijah Brown', '1057', '$2y$10$pW7Wg4TsJAL.P7bYEWYpy.KnULx4fvCXvonvk5sp7oIjXMg2w8HP.', 'siswa', 1, '2024-04-30 05:57:53', '2024-04-30 05:57:53', 256, NULL, NULL),
(552, 'Scarlett Taylor', '1058', '$2y$10$pW7Wg4TsJAL.P7bYEWYpy.KnULx4fvCXvonvk5sp7oIjXMg2w8HP.', 'siswa', 1, '2024-04-30 05:57:53', '2024-04-30 05:57:53', 257, NULL, NULL),
(553, 'Aiden Lopez', '1059', '$2y$10$pW7Wg4TsJAL.P7bYEWYpy.KnULx4fvCXvonvk5sp7oIjXMg2w8HP.', 'siswa', 1, '2024-04-30 05:57:53', '2024-04-30 05:57:53', 258, NULL, NULL),
(554, 'Madison Hernandez', '1060', '$2y$10$pW7Wg4TsJAL.P7bYEWYpy.KnULx4fvCXvonvk5sp7oIjXMg2w8HP.', 'siswa', 1, '2024-04-30 05:57:53', '2024-04-30 05:57:53', 259, NULL, NULL),
(555, 'Mason Smith', '1061', '$2y$10$pW7Wg4TsJAL.P7bYEWYpy.KnULx4fvCXvonvk5sp7oIjXMg2w8HP.', 'siswa', 1, '2024-04-30 05:57:53', '2024-04-30 05:57:53', 260, NULL, NULL),
(556, 'Chloe Garcia', '1062', '$2y$10$pW7Wg4TsJAL.P7bYEWYpy.KnULx4fvCXvonvk5sp7oIjXMg2w8HP.', 'siswa', 1, '2024-04-30 05:57:53', '2024-04-30 05:57:53', 261, NULL, NULL),
(557, 'Oliver Brown', '1063', '$2y$10$pW7Wg4TsJAL.P7bYEWYpy.KnULx4fvCXvonvk5sp7oIjXMg2w8HP.', 'siswa', 1, '2024-04-30 05:57:53', '2024-04-30 05:57:53', 262, NULL, NULL),
(558, 'Ella Taylor', '1064', '$2y$10$pW7Wg4TsJAL.P7bYEWYpy.KnULx4fvCXvonvk5sp7oIjXMg2w8HP.', 'siswa', 1, '2024-04-30 05:57:53', '2024-04-30 05:57:53', 263, NULL, NULL),
(559, 'Ethan Hernandez', '1065', '$2y$10$pW7Wg4TsJAL.P7bYEWYpy.KnULx4fvCXvonvk5sp7oIjXMg2w8HP.', 'siswa', 1, '2024-04-30 05:57:53', '2024-04-30 05:57:53', 264, NULL, NULL),
(560, 'Sophia Lopez', '1066', '$2y$10$pW7Wg4TsJAL.P7bYEWYpy.KnULx4fvCXvonvk5sp7oIjXMg2w8HP.', 'siswa', 1, '2024-04-30 05:57:53', '2024-04-30 05:57:53', 265, NULL, NULL),
(561, 'Logan Wilson', '1067', '$2y$10$pW7Wg4TsJAL.P7bYEWYpy.KnULx4fvCXvonvk5sp7oIjXMg2w8HP.', 'siswa', 1, '2024-04-30 05:57:53', '2024-04-30 05:57:53', 266, NULL, NULL),
(562, 'Avery Brown', '1068', '$2y$10$pW7Wg4TsJAL.P7bYEWYpy.KnULx4fvCXvonvk5sp7oIjXMg2w8HP.', 'siswa', 1, '2024-04-30 05:57:53', '2024-04-30 05:57:53', 267, NULL, NULL),
(563, 'Lucas Smith', '1069', '$2y$10$pW7Wg4TsJAL.P7bYEWYpy.KnULx4fvCXvonvk5sp7oIjXMg2w8HP.', 'siswa', 1, '2024-04-30 05:57:53', '2024-04-30 05:57:53', 268, NULL, NULL),
(564, 'Emma Garcia', '1070', '$2y$10$pW7Wg4TsJAL.P7bYEWYpy.KnULx4fvCXvonvk5sp7oIjXMg2w8HP.', 'siswa', 1, '2024-04-30 05:57:53', '2024-04-30 05:57:53', 269, NULL, NULL),
(565, 'Jackson Taylor', '1071', '$2y$10$pW7Wg4TsJAL.P7bYEWYpy.KnULx4fvCXvonvk5sp7oIjXMg2w8HP.', 'siswa', 1, '2024-04-30 05:57:53', '2024-04-30 05:57:53', 270, NULL, NULL),
(566, 'Ava Brown', '1072', '$2y$10$pW7Wg4TsJAL.P7bYEWYpy.KnULx4fvCXvonvk5sp7oIjXMg2w8HP.', 'siswa', 1, '2024-04-30 05:57:53', '2024-04-30 05:57:53', 271, NULL, NULL),
(567, 'Aiden Hernandez', '1073', '$2y$10$pW7Wg4TsJAL.P7bYEWYpy.KnULx4fvCXvonvk5sp7oIjXMg2w8HP.', 'siswa', 1, '2024-04-30 05:57:53', '2024-04-30 05:57:53', 272, NULL, NULL),
(568, 'Olivia Garcia', '1074', '$2y$10$pW7Wg4TsJAL.P7bYEWYpy.KnULx4fvCXvonvk5sp7oIjXMg2w8HP.', 'siswa', 1, '2024-04-30 05:57:53', '2024-04-30 05:57:53', 273, NULL, NULL),
(569, 'Elijah Lopez', '1075', '$2y$10$pW7Wg4TsJAL.P7bYEWYpy.KnULx4fvCXvonvk5sp7oIjXMg2w8HP.', 'siswa', 1, '2024-04-30 05:57:53', '2024-04-30 05:57:53', 274, NULL, NULL),
(570, 'Sophia Wilson', '1076', '$2y$10$pW7Wg4TsJAL.P7bYEWYpy.KnULx4fvCXvonvk5sp7oIjXMg2w8HP.', 'siswa', 1, '2024-04-30 05:57:53', '2024-04-30 05:57:53', 275, NULL, NULL),
(571, 'Jackson Smith', '1077', '$2y$10$pW7Wg4TsJAL.P7bYEWYpy.KnULx4fvCXvonvk5sp7oIjXMg2w8HP.', 'siswa', 1, '2024-04-30 05:57:53', '2024-04-30 05:57:53', 276, NULL, NULL),
(572, 'Amelia Taylor', '1078', '$2y$10$pW7Wg4TsJAL.P7bYEWYpy.KnULx4fvCXvonvk5sp7oIjXMg2w8HP.', 'siswa', 1, '2024-04-30 05:57:53', '2024-04-30 05:57:53', 277, NULL, NULL),
(573, 'Ethan Brown', '1079', '$2y$10$pW7Wg4TsJAL.P7bYEWYpy.KnULx4fvCXvonvk5sp7oIjXMg2w8HP.', 'siswa', 1, '2024-04-30 05:57:53', '2024-04-30 05:57:53', 278, NULL, NULL),
(574, 'Isabella Garcia', '1080', '$2y$10$pW7Wg4TsJAL.P7bYEWYpy.KnULx4fvCXvonvk5sp7oIjXMg2w8HP.', 'siswa', 1, '2024-04-30 05:57:53', '2024-04-30 05:57:53', 279, NULL, NULL),
(575, 'Mason Hernandez', '1081', '$2y$10$pW7Wg4TsJAL.P7bYEWYpy.KnULx4fvCXvonvk5sp7oIjXMg2w8HP.', 'siswa', 1, '2024-04-30 05:57:53', '2024-04-30 05:57:53', 280, NULL, NULL),
(576, 'Olivia Brown', '1082', '$2y$10$pW7Wg4TsJAL.P7bYEWYpy.KnULx4fvCXvonvk5sp7oIjXMg2w8HP.', 'siswa', 1, '2024-04-30 05:57:53', '2024-04-30 05:57:53', 281, NULL, NULL),
(577, 'Noah Lopez', '1083', '$2y$10$pW7Wg4TsJAL.P7bYEWYpy.KnULx4fvCXvonvk5sp7oIjXMg2w8HP.', 'siswa', 1, '2024-04-30 05:57:53', '2024-04-30 05:57:53', 282, NULL, NULL),
(578, 'Emma Garcia', '1084', '$2y$10$pW7Wg4TsJAL.P7bYEWYpy.KnULx4fvCXvonvk5sp7oIjXMg2w8HP.', 'siswa', 1, '2024-04-30 05:57:53', '2024-04-30 05:57:53', 283, NULL, NULL),
(579, 'Liam Wilson', '1085', '$2y$10$pW7Wg4TsJAL.P7bYEWYpy.KnULx4fvCXvonvk5sp7oIjXMg2w8HP.', 'siswa', 1, '2024-04-30 05:57:53', '2024-04-30 05:57:53', 284, NULL, NULL),
(580, 'Ava Taylor', '1086', '$2y$10$pW7Wg4TsJAL.P7bYEWYpy.KnULx4fvCXvonvk5sp7oIjXMg2w8HP.', 'siswa', 1, '2024-04-30 05:57:53', '2024-04-30 05:57:53', 285, NULL, NULL),
(581, 'Oliver Smith', '1087', '$2y$10$pW7Wg4TsJAL.P7bYEWYpy.KnULx4fvCXvonvk5sp7oIjXMg2w8HP.', 'siswa', 1, '2024-04-30 05:57:53', '2024-04-30 05:57:53', 286, NULL, NULL),
(582, 'Sophia Brown', '1088', '$2y$10$pW7Wg4TsJAL.P7bYEWYpy.KnULx4fvCXvonvk5sp7oIjXMg2w8HP.', 'siswa', 1, '2024-04-30 05:57:53', '2024-04-30 05:57:53', 287, NULL, NULL),
(583, 'Logan Lopez', '1089', '$2y$10$pW7Wg4TsJAL.P7bYEWYpy.KnULx4fvCXvonvk5sp7oIjXMg2w8HP.', 'siswa', 1, '2024-04-30 05:57:53', '2024-04-30 05:57:53', 288, NULL, NULL),
(584, 'Mia Garcia', '1090', '$2y$10$pW7Wg4TsJAL.P7bYEWYpy.KnULx4fvCXvonvk5sp7oIjXMg2w8HP.', 'siswa', 1, '2024-04-30 05:57:53', '2024-04-30 05:57:53', 289, NULL, NULL),
(585, 'Elijah Hernandez', '1091', '$2y$10$pW7Wg4TsJAL.P7bYEWYpy.KnULx4fvCXvonvk5sp7oIjXMg2w8HP.', 'siswa', 1, '2024-04-30 05:57:53', '2024-04-30 05:57:53', 290, NULL, NULL),
(586, 'Charlotte Lopez', '1092', '$2y$10$pW7Wg4TsJAL.P7bYEWYpy.KnULx4fvCXvonvk5sp7oIjXMg2w8HP.', 'siswa', 1, '2024-04-30 05:57:53', '2024-04-30 05:57:53', 291, NULL, NULL),
(587, 'William Brown', '1093', '$2y$10$pW7Wg4TsJAL.P7bYEWYpy.KnULx4fvCXvonvk5sp7oIjXMg2w8HP.', 'siswa', 1, '2024-04-30 05:57:53', '2024-04-30 05:57:53', 292, NULL, NULL),
(588, 'Harper Garcia', '1094', '$2y$10$pW7Wg4TsJAL.P7bYEWYpy.KnULx4fvCXvonvk5sp7oIjXMg2w8HP.', 'siswa', 1, '2024-04-30 05:57:53', '2024-04-30 05:57:53', 293, NULL, NULL),
(589, 'Benjamin Lopez', '1095', '$2y$10$pW7Wg4TsJAL.P7bYEWYpy.KnULx4fvCXvonvk5sp7oIjXMg2w8HP.', 'siswa', 1, '2024-04-30 05:57:53', '2024-04-30 05:57:53', 294, NULL, NULL),
(590, 'Amelia Hernandez', '1096', '$2y$10$pW7Wg4TsJAL.P7bYEWYpy.KnULx4fvCXvonvk5sp7oIjXMg2w8HP.', 'siswa', 1, '2024-04-30 05:57:53', '2024-04-30 05:57:53', 295, NULL, NULL),
(591, 'Ethan Smith', '1097', '$2y$10$pW7Wg4TsJAL.P7bYEWYpy.KnULx4fvCXvonvk5sp7oIjXMg2w8HP.', 'siswa', 1, '2024-04-30 05:57:53', '2024-04-30 05:57:53', 296, NULL, NULL),
(592, 'Avery Garcia', '1098', '$2y$10$pW7Wg4TsJAL.P7bYEWYpy.KnULx4fvCXvonvk5sp7oIjXMg2w8HP.', 'siswa', 1, '2024-04-30 05:57:53', '2024-04-30 05:57:53', 297, NULL, NULL),
(593, 'Olivia Lopez', '1099', '$2y$10$pW7Wg4TsJAL.P7bYEWYpy.KnULx4fvCXvonvk5sp7oIjXMg2w8HP.', 'siswa', 1, '2024-04-30 05:57:53', '2024-04-30 05:57:53', 298, NULL, NULL),
(594, 'Logan Brown', '1100', '$2y$10$pW7Wg4TsJAL.P7bYEWYpy.KnULx4fvCXvonvk5sp7oIjXMg2w8HP.', 'siswa', 1, '2024-04-30 05:57:53', '2024-04-30 05:57:53', 299, NULL, NULL),
(595, 'Ella Hernandez', '1101', '$2y$10$pW7Wg4TsJAL.P7bYEWYpy.KnULx4fvCXvonvk5sp7oIjXMg2w8HP.', 'siswa', 1, '2024-04-30 05:57:53', '2024-04-30 05:57:53', 300, NULL, NULL),
(596, 'Lucas Garcia', '1102', '$2y$10$pW7Wg4TsJAL.P7bYEWYpy.KnULx4fvCXvonvk5sp7oIjXMg2w8HP.', 'siswa', 1, '2024-04-30 05:57:53', '2024-04-30 05:57:53', 301, NULL, NULL),
(597, 'Ava Lopez', '1103', '$2y$10$pW7Wg4TsJAL.P7bYEWYpy.KnULx4fvCXvonvk5sp7oIjXMg2w8HP.', 'siswa', 1, '2024-04-30 05:57:53', '2024-04-30 05:57:53', 302, NULL, NULL),
(598, 'Oliver Brown', '1104', '$2y$10$pW7Wg4TsJAL.P7bYEWYpy.KnULx4fvCXvonvk5sp7oIjXMg2w8HP.', 'siswa', 1, '2024-04-30 05:57:53', '2024-04-30 05:57:53', 303, NULL, NULL),
(599, 'Emma Garcia', '1105', '$2y$10$pW7Wg4TsJAL.P7bYEWYpy.KnULx4fvCXvonvk5sp7oIjXMg2w8HP.', 'siswa', 1, '2024-04-30 05:57:53', '2024-04-30 05:57:53', 304, NULL, NULL),
(600, 'Sophia Hernandez', '1106', '$2y$10$pW7Wg4TsJAL.P7bYEWYpy.KnULx4fvCXvonvk5sp7oIjXMg2w8HP.', 'siswa', 1, '2024-04-30 05:57:53', '2024-04-30 05:57:53', 305, NULL, NULL),
(601, 'Noah Smith', '1107', '$2y$10$pW7Wg4TsJAL.P7bYEWYpy.KnULx4fvCXvonvk5sp7oIjXMg2w8HP.', 'siswa', 1, '2024-04-30 05:57:53', '2024-04-30 05:57:53', 306, NULL, NULL),
(602, 'Avery Garcia', '1108', '$2y$10$pW7Wg4TsJAL.P7bYEWYpy.KnULx4fvCXvonvk5sp7oIjXMg2w8HP.', 'siswa', 1, '2024-04-30 05:57:53', '2024-04-30 05:57:53', 307, NULL, NULL),
(603, 'Isabella Lopez', '1109', '$2y$10$pW7Wg4TsJAL.P7bYEWYpy.KnULx4fvCXvonvk5sp7oIjXMg2w8HP.', 'siswa', 1, '2024-04-30 05:57:53', '2024-04-30 05:57:53', 308, NULL, NULL),
(604, 'Elijah Brown', '1110', '$2y$10$pW7Wg4TsJAL.P7bYEWYpy.KnULx4fvCXvonvk5sp7oIjXMg2w8HP.', 'siswa', 1, '2024-04-30 05:57:53', '2024-04-30 05:57:53', 309, NULL, NULL),
(605, 'Charlotte Garcia', '1111', '$2y$10$pW7Wg4TsJAL.P7bYEWYpy.KnULx4fvCXvonvk5sp7oIjXMg2w8HP.', 'siswa', 1, '2024-04-30 05:57:53', '2024-04-30 05:57:53', 310, NULL, NULL),
(606, 'Jack Lopez', '1112', '$2y$10$pW7Wg4TsJAL.P7bYEWYpy.KnULx4fvCXvonvk5sp7oIjXMg2w8HP.', 'siswa', 1, '2024-04-30 05:57:53', '2024-04-30 05:57:53', 311, NULL, NULL),
(607, 'Liam Smith', '1113', '$2y$10$pW7Wg4TsJAL.P7bYEWYpy.KnULx4fvCXvonvk5sp7oIjXMg2w8HP.', 'siswa', 1, '2024-04-30 05:57:53', '2024-04-30 05:57:53', 312, NULL, NULL),
(608, 'Ava Garcia', '1114', '$2y$10$pW7Wg4TsJAL.P7bYEWYpy.KnULx4fvCXvonvk5sp7oIjXMg2w8HP.', 'siswa', 1, '2024-04-30 05:57:53', '2024-04-30 05:57:53', 313, NULL, NULL),
(609, 'Mason Brown', '1115', '$2y$10$pW7Wg4TsJAL.P7bYEWYpy.KnULx4fvCXvonvk5sp7oIjXMg2w8HP.', 'siswa', 1, '2024-04-30 05:57:53', '2024-04-30 05:57:53', 314, NULL, NULL),
(610, 'Emma Lopez', '1116', '$2y$10$pW7Wg4TsJAL.P7bYEWYpy.KnULx4fvCXvonvk5sp7oIjXMg2w8HP.', 'siswa', 1, '2024-04-30 05:57:53', '2024-04-30 05:57:53', 315, NULL, NULL),
(611, 'Ethan Smith', '1117', '$2y$10$pW7Wg4TsJAL.P7bYEWYpy.KnULx4fvCXvonvk5sp7oIjXMg2w8HP.', 'siswa', 1, '2024-04-30 05:57:53', '2024-04-30 05:57:53', 316, NULL, NULL),
(612, 'Olivia Garcia', '1118', '$2y$10$pW7Wg4TsJAL.P7bYEWYpy.KnULx4fvCXvonvk5sp7oIjXMg2w8HP.', 'siswa', 1, '2024-04-30 05:57:53', '2024-04-30 05:57:53', 317, NULL, NULL),
(613, 'Liam Brown', '1119', '$2y$10$pW7Wg4TsJAL.P7bYEWYpy.KnULx4fvCXvonvk5sp7oIjXMg2w8HP.', 'siswa', 1, '2024-04-30 05:57:53', '2024-04-30 05:57:53', 318, NULL, NULL),
(614, 'Ava Lopez', '1120', '$2y$10$pW7Wg4TsJAL.P7bYEWYpy.KnULx4fvCXvonvk5sp7oIjXMg2w8HP.', 'siswa', 1, '2024-04-30 05:57:53', '2024-04-30 05:57:53', 319, NULL, NULL),
(615, 'Oliver Smith', '1121', '$2y$10$pW7Wg4TsJAL.P7bYEWYpy.KnULx4fvCXvonvk5sp7oIjXMg2w8HP.', 'siswa', 1, '2024-04-30 05:57:53', '2024-04-30 05:57:53', 320, NULL, NULL),
(616, 'Sophia Garcia', '1122', '$2y$10$pW7Wg4TsJAL.P7bYEWYpy.KnULx4fvCXvonvk5sp7oIjXMg2w8HP.', 'siswa', 1, '2024-04-30 05:57:53', '2024-04-30 05:57:53', 321, NULL, NULL),
(617, 'Logan Brown', '1123', '$2y$10$pW7Wg4TsJAL.P7bYEWYpy.KnULx4fvCXvonvk5sp7oIjXMg2w8HP.', 'siswa', 1, '2024-04-30 05:57:53', '2024-04-30 05:57:53', 322, NULL, NULL),
(618, 'Mia Lopez', '1124', '$2y$10$pW7Wg4TsJAL.P7bYEWYpy.KnULx4fvCXvonvk5sp7oIjXMg2w8HP.', 'siswa', 1, '2024-04-30 05:57:53', '2024-04-30 05:57:53', 323, NULL, NULL),
(619, 'Lucas Smith', '1125', '$2y$10$pW7Wg4TsJAL.P7bYEWYpy.KnULx4fvCXvonvk5sp7oIjXMg2w8HP.', 'siswa', 1, '2024-04-30 05:57:53', '2024-04-30 05:57:53', 324, NULL, NULL),
(620, 'Charlotte Garcia', '1126', '$2y$10$pW7Wg4TsJAL.P7bYEWYpy.KnULx4fvCXvonvk5sp7oIjXMg2w8HP.', 'siswa', 1, '2024-04-30 05:57:53', '2024-04-30 05:57:53', 325, NULL, NULL),
(621, 'Elijah Brown', '1127', '$2y$10$pW7Wg4TsJAL.P7bYEWYpy.KnULx4fvCXvonvk5sp7oIjXMg2w8HP.', 'siswa', 1, '2024-04-30 05:57:53', '2024-04-30 05:57:53', 326, NULL, NULL),
(622, 'Ava Lopez', '1128', '$2y$10$pW7Wg4TsJAL.P7bYEWYpy.KnULx4fvCXvonvk5sp7oIjXMg2w8HP.', 'siswa', 1, '2024-04-30 05:57:53', '2024-04-30 05:57:53', 327, NULL, NULL),
(623, 'Benjamin Smith', '1129', '$2y$10$pW7Wg4TsJAL.P7bYEWYpy.KnULx4fvCXvonvk5sp7oIjXMg2w8HP.', 'siswa', 1, '2024-04-30 05:57:53', '2024-04-30 05:57:53', 328, NULL, NULL),
(624, 'Emma Garcia', '1130', '$2y$10$pW7Wg4TsJAL.P7bYEWYpy.KnULx4fvCXvonvk5sp7oIjXMg2w8HP.', 'siswa', 1, '2024-04-30 05:57:53', '2024-04-30 05:57:53', 329, NULL, NULL),
(625, 'Ethan Brown', '1131', '$2y$10$pW7Wg4TsJAL.P7bYEWYpy.KnULx4fvCXvonvk5sp7oIjXMg2w8HP.', 'siswa', 1, '2024-04-30 05:57:53', '2024-04-30 05:57:53', 330, NULL, NULL),
(626, 'Olivia Lopez', '1132', '$2y$10$pW7Wg4TsJAL.P7bYEWYpy.KnULx4fvCXvonvk5sp7oIjXMg2w8HP.', 'siswa', 1, '2024-04-30 05:57:53', '2024-04-30 05:57:53', 331, NULL, NULL),
(627, 'William Smith', '1133', '$2y$10$pW7Wg4TsJAL.P7bYEWYpy.KnULx4fvCXvonvk5sp7oIjXMg2w8HP.', 'siswa', 1, '2024-04-30 05:57:53', '2024-04-30 05:57:53', 332, NULL, NULL),
(628, 'Isabella Garcia', '1134', '$2y$10$pW7Wg4TsJAL.P7bYEWYpy.KnULx4fvCXvonvk5sp7oIjXMg2w8HP.', 'siswa', 1, '2024-04-30 05:57:53', '2024-04-30 05:57:53', 333, NULL, NULL),
(629, 'Lucas Brown', '1135', '$2y$10$pW7Wg4TsJAL.P7bYEWYpy.KnULx4fvCXvonvk5sp7oIjXMg2w8HP.', 'siswa', 1, '2024-04-30 05:57:53', '2024-04-30 05:57:53', 334, NULL, NULL),
(630, 'Olivia Lopez', '1136', '$2y$10$pW7Wg4TsJAL.P7bYEWYpy.KnULx4fvCXvonvk5sp7oIjXMg2w8HP.', 'siswa', 1, '2024-04-30 05:57:53', '2024-04-30 05:57:53', 335, NULL, NULL),
(631, 'Ethan Smith', '1137', '$2y$10$pW7Wg4TsJAL.P7bYEWYpy.KnULx4fvCXvonvk5sp7oIjXMg2w8HP.', 'siswa', 1, '2024-04-30 05:57:53', '2024-04-30 05:57:53', 336, NULL, NULL),
(632, 'Emma Garcia', '1138', '$2y$10$pW7Wg4TsJAL.P7bYEWYpy.KnULx4fvCXvonvk5sp7oIjXMg2w8HP.', 'siswa', 1, '2024-04-30 05:57:53', '2024-04-30 05:57:53', 337, NULL, NULL),
(633, 'Oliver Brown', '1139', '$2y$10$pW7Wg4TsJAL.P7bYEWYpy.KnULx4fvCXvonvk5sp7oIjXMg2w8HP.', 'siswa', 1, '2024-04-30 05:57:53', '2024-04-30 05:57:53', 338, NULL, NULL),
(634, 'Sophia Lopez', '1140', '$2y$10$pW7Wg4TsJAL.P7bYEWYpy.KnULx4fvCXvonvk5sp7oIjXMg2w8HP.', 'siswa', 1, '2024-04-30 05:57:53', '2024-04-30 05:57:53', 339, NULL, NULL),
(635, 'Noah Smith', '1141', '$2y$10$pW7Wg4TsJAL.P7bYEWYpy.KnULx4fvCXvonvk5sp7oIjXMg2w8HP.', 'siswa', 1, '2024-04-30 05:57:53', '2024-04-30 05:57:53', 340, NULL, NULL),
(636, 'Avery Garcia', '1142', '$2y$10$pW7Wg4TsJAL.P7bYEWYpy.KnULx4fvCXvonvk5sp7oIjXMg2w8HP.', 'siswa', 1, '2024-04-30 05:57:53', '2024-04-30 05:57:53', 341, NULL, NULL),
(637, 'Mia Brown', '1143', '$2y$10$pW7Wg4TsJAL.P7bYEWYpy.KnULx4fvCXvonvk5sp7oIjXMg2w8HP.', 'siswa', 1, '2024-04-30 05:57:53', '2024-04-30 05:57:53', 342, NULL, NULL),
(638, 'Elijah Lopez', '1144', '$2y$10$pW7Wg4TsJAL.P7bYEWYpy.KnULx4fvCXvonvk5sp7oIjXMg2w8HP.', 'siswa', 1, '2024-04-30 05:57:53', '2024-04-30 05:57:53', 343, NULL, NULL),
(639, 'Ava Smith', '1145', '$2y$10$pW7Wg4TsJAL.P7bYEWYpy.KnULx4fvCXvonvk5sp7oIjXMg2w8HP.', 'siswa', 1, '2024-04-30 05:57:53', '2024-04-30 05:57:53', 344, NULL, NULL),
(640, 'Oliver Garcia', '1146', '$2y$10$pW7Wg4TsJAL.P7bYEWYpy.KnULx4fvCXvonvk5sp7oIjXMg2w8HP.', 'siswa', 1, '2024-04-30 05:57:53', '2024-04-30 05:57:53', 345, NULL, NULL),
(641, 'Sophia Lopez', '1147', '$2y$10$pW7Wg4TsJAL.P7bYEWYpy.KnULx4fvCXvonvk5sp7oIjXMg2w8HP.', 'siswa', 1, '2024-04-30 05:57:53', '2024-04-30 05:57:53', 346, NULL, NULL),
(642, 'Jackson Brown', '1148', '$2y$10$pW7Wg4TsJAL.P7bYEWYpy.KnULx4fvCXvonvk5sp7oIjXMg2w8HP.', 'siswa', 1, '2024-04-30 05:57:53', '2024-04-30 05:57:53', 347, NULL, NULL),
(643, 'Emma Garcia', '1149', '$2y$10$pW7Wg4TsJAL.P7bYEWYpy.KnULx4fvCXvonvk5sp7oIjXMg2w8HP.', 'siswa', 1, '2024-04-30 05:57:53', '2024-04-30 05:57:53', 348, NULL, NULL),
(644, 'Mason Smith', '1150', '$2y$10$pW7Wg4TsJAL.P7bYEWYpy.KnULx4fvCXvonvk5sp7oIjXMg2w8HP.', 'siswa', 1, '2024-04-30 05:57:53', '2024-04-30 05:57:53', 349, NULL, NULL),
(645, 'Olivia Lopez', '1151', '$2y$10$pW7Wg4TsJAL.P7bYEWYpy.KnULx4fvCXvonvk5sp7oIjXMg2w8HP.', 'siswa', 1, '2024-04-30 05:57:53', '2024-04-30 05:57:53', 350, NULL, NULL),
(646, 'Ethan Garcia', '1152', '$2y$10$pW7Wg4TsJAL.P7bYEWYpy.KnULx4fvCXvonvk5sp7oIjXMg2w8HP.', 'siswa', 1, '2024-04-30 05:57:53', '2024-04-30 05:57:53', 351, NULL, NULL),
(647, 'Oliver Smith', '1153', '$2y$10$pW7Wg4TsJAL.P7bYEWYpy.KnULx4fvCXvonvk5sp7oIjXMg2w8HP.', 'siswa', 1, '2024-04-30 05:57:53', '2024-04-30 05:57:53', 352, NULL, NULL),
(648, 'Ava Brown', '1154', '$2y$10$pW7Wg4TsJAL.P7bYEWYpy.KnULx4fvCXvonvk5sp7oIjXMg2w8HP.', 'siswa', 1, '2024-04-30 05:57:53', '2024-04-30 05:57:53', 353, NULL, NULL),
(649, 'Lucas Lopez', '1155', '$2y$10$pW7Wg4TsJAL.P7bYEWYpy.KnULx4fvCXvonvk5sp7oIjXMg2w8HP.', 'siswa', 1, '2024-04-30 05:57:53', '2024-04-30 05:57:53', 354, NULL, NULL),
(650, 'Emma Garcia', '1156', '$2y$10$pW7Wg4TsJAL.P7bYEWYpy.KnULx4fvCXvonvk5sp7oIjXMg2w8HP.', 'siswa', 1, '2024-04-30 05:57:53', '2024-04-30 05:57:53', 355, NULL, NULL),
(651, 'Olivia Smith', '1157', '$2y$10$pW7Wg4TsJAL.P7bYEWYpy.KnULx4fvCXvonvk5sp7oIjXMg2w8HP.', 'siswa', 1, '2024-04-30 05:57:53', '2024-04-30 05:57:53', 356, NULL, NULL),
(652, 'Noah Garcia', '1158', '$2y$10$pW7Wg4TsJAL.P7bYEWYpy.KnULx4fvCXvonvk5sp7oIjXMg2w8HP.', 'siswa', 1, '2024-04-30 05:57:53', '2024-04-30 05:57:53', 357, NULL, NULL),
(653, 'Isabella Smith', '1159', '$2y$10$pW7Wg4TsJAL.P7bYEWYpy.KnULx4fvCXvonvk5sp7oIjXMg2w8HP.', 'siswa', 1, '2024-04-30 05:57:53', '2024-04-30 05:57:53', 358, NULL, NULL),
(654, 'Aiden Garcia', '1160', '$2y$10$pW7Wg4TsJAL.P7bYEWYpy.KnULx4fvCXvonvk5sp7oIjXMg2w8HP.', 'siswa', 1, '2024-04-30 05:57:53', '2024-04-30 05:57:53', 359, NULL, NULL),
(655, 'Sophia Smith', '1161', '$2y$10$pW7Wg4TsJAL.P7bYEWYpy.KnULx4fvCXvonvk5sp7oIjXMg2w8HP.', 'siswa', 1, '2024-04-30 05:57:53', '2024-04-30 05:57:53', 360, NULL, NULL),
(656, 'Elijah Brown', '1162', '$2y$10$pW7Wg4TsJAL.P7bYEWYpy.KnULx4fvCXvonvk5sp7oIjXMg2w8HP.', 'siswa', 1, '2024-04-30 05:57:53', '2024-04-30 05:57:53', 361, NULL, NULL),
(657, 'Charlotte Garcia', '1163', '$2y$10$pW7Wg4TsJAL.P7bYEWYpy.KnULx4fvCXvonvk5sp7oIjXMg2w8HP.', 'siswa', 1, '2024-04-30 05:57:53', '2024-04-30 05:57:53', 362, NULL, NULL),
(658, 'Jackson Lopez', '1164', '$2y$10$pW7Wg4TsJAL.P7bYEWYpy.KnULx4fvCXvonvk5sp7oIjXMg2w8HP.', 'siswa', 1, '2024-04-30 05:57:53', '2024-04-30 05:57:53', 363, NULL, NULL),
(659, 'Sophia Smith', '1165', '$2y$10$pW7Wg4TsJAL.P7bYEWYpy.KnULx4fvCXvonvk5sp7oIjXMg2w8HP.', 'siswa', 1, '2024-04-30 05:57:53', '2024-04-30 05:57:53', 364, NULL, NULL),
(660, 'Oliver Garcia', '1166', '$2y$10$pW7Wg4TsJAL.P7bYEWYpy.KnULx4fvCXvonvk5sp7oIjXMg2w8HP.', 'siswa', 1, '2024-04-30 05:57:53', '2024-04-30 05:57:53', 365, NULL, NULL),
(661, 'Emma Brown', '1167', '$2y$10$pW7Wg4TsJAL.P7bYEWYpy.KnULx4fvCXvonvk5sp7oIjXMg2w8HP.', 'siswa', 1, '2024-04-30 05:57:53', '2024-04-30 05:57:53', 366, NULL, NULL),
(662, 'Noah Garcia', '1168', '$2y$10$pW7Wg4TsJAL.P7bYEWYpy.KnULx4fvCXvonvk5sp7oIjXMg2w8HP.', 'siswa', 1, '2024-04-30 05:57:53', '2024-04-30 05:57:53', 367, NULL, NULL),
(663, 'Sophia Smith', '1169', '$2y$10$pW7Wg4TsJAL.P7bYEWYpy.KnULx4fvCXvonvk5sp7oIjXMg2w8HP.', 'siswa', 1, '2024-04-30 05:57:53', '2024-04-30 05:57:53', 368, NULL, NULL),
(664, 'Oliver Brown', '1170', '$2y$10$pW7Wg4TsJAL.P7bYEWYpy.KnULx4fvCXvonvk5sp7oIjXMg2w8HP.', 'siswa', 1, '2024-04-30 05:57:53', '2024-04-30 05:57:53', 369, NULL, NULL),
(665, 'Isabella Garcia', '1171', '$2y$10$pW7Wg4TsJAL.P7bYEWYpy.KnULx4fvCXvonvk5sp7oIjXMg2w8HP.', 'siswa', 1, '2024-04-30 05:57:53', '2024-04-30 05:57:53', 370, NULL, NULL),
(666, 'Aiden Smith', '1172', '$2y$10$pW7Wg4TsJAL.P7bYEWYpy.KnULx4fvCXvonvk5sp7oIjXMg2w8HP.', 'siswa', 1, '2024-04-30 05:57:53', '2024-04-30 05:57:53', 371, NULL, NULL),
(667, 'Charlotte Brown', '1173', '$2y$10$pW7Wg4TsJAL.P7bYEWYpy.KnULx4fvCXvonvk5sp7oIjXMg2w8HP.', 'siswa', 1, '2024-04-30 05:57:53', '2024-04-30 05:57:53', 372, NULL, NULL),
(668, 'Jackson Garcia', '1174', '$2y$10$pW7Wg4TsJAL.P7bYEWYpy.KnULx4fvCXvonvk5sp7oIjXMg2w8HP.', 'siswa', 1, '2024-04-30 05:57:53', '2024-04-30 05:57:53', 373, NULL, NULL),
(669, 'Sophia Smith', '1175', '$2y$10$pW7Wg4TsJAL.P7bYEWYpy.KnULx4fvCXvonvk5sp7oIjXMg2w8HP.', 'siswa', 1, '2024-04-30 05:57:53', '2024-04-30 05:57:53', 374, NULL, NULL),
(670, 'Oliver Brown', '1176', '$2y$10$pW7Wg4TsJAL.P7bYEWYpy.KnULx4fvCXvonvk5sp7oIjXMg2w8HP.', 'siswa', 1, '2024-04-30 05:57:53', '2024-04-30 05:57:53', 375, NULL, NULL),
(671, 'Isabella Garcia', '1177', '$2y$10$pW7Wg4TsJAL.P7bYEWYpy.KnULx4fvCXvonvk5sp7oIjXMg2w8HP.', 'siswa', 1, '2024-04-30 05:57:53', '2024-04-30 05:57:53', 376, NULL, NULL),
(672, 'Aiden Smith', '1178', '$2y$10$pW7Wg4TsJAL.P7bYEWYpy.KnULx4fvCXvonvk5sp7oIjXMg2w8HP.', 'siswa', 1, '2024-04-30 05:57:53', '2024-04-30 05:57:53', 377, NULL, NULL),
(673, 'Charlotte Brown', '1179', '$2y$10$pW7Wg4TsJAL.P7bYEWYpy.KnULx4fvCXvonvk5sp7oIjXMg2w8HP.', 'siswa', 1, '2024-04-30 05:57:53', '2024-04-30 05:57:53', 378, NULL, NULL),
(674, 'Jackson Garcia', '1180', '$2y$10$pW7Wg4TsJAL.P7bYEWYpy.KnULx4fvCXvonvk5sp7oIjXMg2w8HP.', 'siswa', 1, '2024-04-30 05:57:53', '2024-04-30 05:57:53', 379, NULL, NULL),
(751, 'Muhammad Sumbul. S.Pd.', 'sumbul', '$2y$10$1zha/zFhbQp/Cbv8vnc7xOCOkFQFNXUGk9yZ0.NTrtnmaB0bVvEtG', 'guru', 1, '2024-04-30 06:37:28', '2024-04-30 06:37:28', NULL, 159, NULL),
(752, 'Eva Angelina. S.Pd. SD', 'angelina', '$2y$10$h52GQEYtXS9tkx2ROWJpqOmRjtfgXvfyR6JqsXJYLLRjZ85fZGkSy', 'guru', 1, '2024-04-30 06:39:05', '2024-04-30 06:39:05', NULL, 160, NULL),
(753, 'Pratama Arhan. S.Pd', 'arhan', '$2y$10$57/FFtXzS0Kp3ohxeVG2YulAMuyXAB8IMRDDN4jhlfV0f89H4j1Cq', 'guru', 1, '2024-04-30 06:40:12', '2024-04-30 06:40:12', NULL, 161, NULL),
(754, 'Jasmine. S.Pd', 'jasmine', '$2y$10$q9I7r5XBkWzVUzd42rsDDuz3ZsPVUNA3D6cpdQz/PmubLH6wC/zVO', 'guru', 1, '2024-04-30 06:41:07', '2024-04-30 06:41:07', NULL, 162, NULL),
(755, 'Ernando Ari. S.Pd', 'ernando', '$2y$10$ugeh2fKszvKnpbkID3q2deKKuTlypXEOWOO5UdZClD5Ch3wjHpYo2', 'guru', 1, '2024-04-30 06:42:19', '2024-04-30 06:42:19', NULL, 163, NULL),
(756, 'Cinta Kasih', 'cintakasih', '$2y$10$XA4tHLt5o5oXLduhnh2GauYREs0h.eQirIR3dU0cqGdHEY9RGReQS', 'guru', 1, '2024-04-30 06:44:03', '2024-04-30 06:44:03', NULL, 164, NULL),
(757, 'Rizky Ridho. S.Pd', 'rizkyridho', '$2y$10$XCRqAinGiTzuZ9xMO1mNG.Yp6Bi95ABfcB7w6Ry5TbDSQLv6amXTm', 'guru', 1, '2024-04-30 06:45:49', '2024-04-30 06:45:49', NULL, 165, NULL),
(758, 'Asnawi Mangkualam', 'asnawi', '$2y$10$24U88bzFnsfziFo4eFdSQeeJAtnVn6gT.TlIZJVN3.XweDUWaPbxS', 'guru', 1, '2024-04-30 06:47:41', '2024-04-30 06:47:41', NULL, 166, NULL),
(759, 'Nicole Waterson', 'nc1309', '$2y$10$u2aDneamr3BwgfLhTtR.W.5IYnWlFdI0KFDQ9DXaKriIgYj/CcK5u', 'siswa', 1, '2024-05-01 03:02:31', '2024-05-01 03:02:31', 380, NULL, NULL),
(761, 'Testing', 'developer1234', '$2y$10$/DXws5L22SR4nqlUZ72cc.7ONidcMLM7iibAIHefcSscrd0qRJVl2', 'guru', 1, '2024-05-01 08:28:08', '2024-05-01 08:28:08', NULL, 168, NULL),
(762, 'syaiful rochman', 'sr', '$2y$10$0Y9HhuHCqgxWtUsH3YNg4eSgNjOCLS32nw4dl9XwKtdm5/O0.RgYC', 'siswa', 1, '2024-05-01 13:32:11', '2024-05-01 13:32:11', 381, NULL, NULL),
(768, 'birjon', 'birjon', '$2y$10$ALsROhThCJJH31mFg48ONujdMJJdJOr5UWfE7SIxMZeAMwfKOcaja', 'guru', 1, '2024-05-03 00:06:51', '2024-05-03 00:06:51', NULL, 170, NULL),
(770, 'Coba1', 'coba1', '$2y$10$wO7jtHCZPd6MBfdvLXgycOk8.cNbfLRCgSi/VcFauUsZVeFpdsMXm', 'guru', 1, '2024-05-03 01:57:13', '2024-05-03 01:57:13', NULL, 172, NULL);

--
-- Indexes for dumped tables
--

--
-- Indexes for table `admin`
--
ALTER TABLE `admin`
  ADD PRIMARY KEY (`id`);

--
-- Indexes for table `agama`
--
ALTER TABLE `agama`
  ADD PRIMARY KEY (`id`);

--
-- Indexes for table `failed_jobs`
--
ALTER TABLE `failed_jobs`
  ADD PRIMARY KEY (`id`),
  ADD UNIQUE KEY `failed_jobs_uuid_unique` (`uuid`);

--
-- Indexes for table `guru`
--
ALTER TABLE `guru`
  ADD PRIMARY KEY (`id`),
  ADD UNIQUE KEY `nama_guru` (`nama_guru`),
  ADD UNIQUE KEY `guru_nip_unique` (`nip`),
  ADD KEY `fk_guru_kelas` (`id_kelas`),
  ADD KEY `guru_id_mapel_foreign` (`id_mapel`),
  ADD KEY `fk_guru_user` (`user_id`),
  ADD KEY `guru_id_agama_foreign` (`id_agama`),
  ADD KEY `guru_mapel` (`pengampu`);

--
-- Indexes for table `guru_promotions`
--
ALTER TABLE `guru_promotions`
  ADD PRIMARY KEY (`id`),
  ADD KEY `guru_promotions` (`id_guru`);

--
-- Indexes for table `jadwal_pelajaran`
--
ALTER TABLE `jadwal_pelajaran`
  ADD PRIMARY KEY (`id`),
  ADD KEY `jadwal_pelajaran_id_kelas_foreign` (`id_kelas`),
  ADD KEY `jadwal_pelajaran_id_mata_pelajaran_foreign` (`id_mata_pelajaran`),
  ADD KEY `jadwal_pelajaran_id_guru_foreign` (`id_guru`);

--
-- Indexes for table `kelas`
--
ALTER TABLE `kelas`
  ADD PRIMARY KEY (`id`);

--
-- Indexes for table `mata_pelajaran`
--
ALTER TABLE `mata_pelajaran`
  ADD PRIMARY KEY (`id`);

--
-- Indexes for table `migrations`
--
ALTER TABLE `migrations`
  ADD PRIMARY KEY (`id`);

--
-- Indexes for table `nilai`
--
ALTER TABLE `nilai`
  ADD PRIMARY KEY (`id`),
  ADD KEY `nilai_id_mapel_foreign` (`id_mapel`),
  ADD KEY `nilai_id_kelas_foreign` (`id_kelas`),
  ADD KEY `nilai_id_siswa_foreign` (`id_siswa`);

--
-- Indexes for table `password_resets`
--
ALTER TABLE `password_resets`
  ADD KEY `password_resets_email_index` (`email`);

--
-- Indexes for table `password_reset_tokens`
--
ALTER TABLE `password_reset_tokens`
  ADD PRIMARY KEY (`email`);

--
-- Indexes for table `personal_access_tokens`
--
ALTER TABLE `personal_access_tokens`
  ADD PRIMARY KEY (`id`),
  ADD UNIQUE KEY `personal_access_tokens_token_unique` (`token`),
  ADD KEY `personal_access_tokens_tokenable_type_tokenable_id_index` (`tokenable_type`,`tokenable_id`);

--
-- Indexes for table `presensi`
--
ALTER TABLE `presensi`
  ADD PRIMARY KEY (`id`),
  ADD KEY `presensi_id_kelas_foreign` (`id_kelas`),
  ADD KEY `presensi_id_siswa_foreign` (`id_siswa`);

--
-- Indexes for table `promotions`
--
ALTER TABLE `promotions`
  ADD PRIMARY KEY (`id`),
  ADD KEY `promosi_siswa` (`id_siswa`),
  ADD KEY `kelas_lama_siswa` (`kelas_lama`),
  ADD KEY `kelas_baru_siswa` (`kelas_baru`);

--
-- Indexes for table `settings`
--
ALTER TABLE `settings`
  ADD PRIMARY KEY (`id`);

--
-- Indexes for table `siswa`
--
ALTER TABLE `siswa`
  ADD PRIMARY KEY (`id`),
  ADD UNIQUE KEY `siswa_nis_unique` (`nis`),
  ADD UNIQUE KEY `siswa_nisn_unique` (`nisn`),
  ADD KEY `siswa_id_kelas_foreign` (`id_kelas`),
  ADD KEY `siswa_id_agama_foreign` (`id_agama`),
  ADD KEY `fk_siswa_user` (`user_id`);

--
-- Indexes for table `users`
--
ALTER TABLE `users`
  ADD PRIMARY KEY (`id`),
  ADD KEY `fk_user_siswa` (`id_siswa`),
  ADD KEY `fk_user_guru` (`id_guru`);

--
-- AUTO_INCREMENT for dumped tables
--

--
-- AUTO_INCREMENT for table `admin`
--
ALTER TABLE `admin`
  MODIFY `id` int NOT NULL AUTO_INCREMENT;

--
-- AUTO_INCREMENT for table `agama`
--
ALTER TABLE `agama`
  MODIFY `id` bigint UNSIGNED NOT NULL AUTO_INCREMENT, AUTO_INCREMENT=7;

--
-- AUTO_INCREMENT for table `failed_jobs`
--
ALTER TABLE `failed_jobs`
  MODIFY `id` bigint UNSIGNED NOT NULL AUTO_INCREMENT;

--
-- AUTO_INCREMENT for table `guru`
--
ALTER TABLE `guru`
  MODIFY `id` bigint UNSIGNED NOT NULL AUTO_INCREMENT, AUTO_INCREMENT=175;

--
-- AUTO_INCREMENT for table `guru_promotions`
--
ALTER TABLE `guru_promotions`
  MODIFY `id` bigint NOT NULL AUTO_INCREMENT, AUTO_INCREMENT=164;

--
-- AUTO_INCREMENT for table `jadwal_pelajaran`
--
ALTER TABLE `jadwal_pelajaran`
  MODIFY `id` bigint UNSIGNED NOT NULL AUTO_INCREMENT, AUTO_INCREMENT=29;

--
-- AUTO_INCREMENT for table `kelas`
--
ALTER TABLE `kelas`
  MODIFY `id` bigint UNSIGNED NOT NULL AUTO_INCREMENT, AUTO_INCREMENT=8;

--
-- AUTO_INCREMENT for table `mata_pelajaran`
--
ALTER TABLE `mata_pelajaran`
  MODIFY `id` bigint UNSIGNED NOT NULL AUTO_INCREMENT, AUTO_INCREMENT=11;

--
-- AUTO_INCREMENT for table `migrations`
--
ALTER TABLE `migrations`
  MODIFY `id` int UNSIGNED NOT NULL AUTO_INCREMENT, AUTO_INCREMENT=14;

--
-- AUTO_INCREMENT for table `nilai`
--
ALTER TABLE `nilai`
  MODIFY `id` bigint UNSIGNED NOT NULL AUTO_INCREMENT, AUTO_INCREMENT=1196;

--
-- AUTO_INCREMENT for table `personal_access_tokens`
--
ALTER TABLE `personal_access_tokens`
  MODIFY `id` bigint UNSIGNED NOT NULL AUTO_INCREMENT;

--
-- AUTO_INCREMENT for table `presensi`
--
ALTER TABLE `presensi`
  MODIFY `id` bigint UNSIGNED NOT NULL AUTO_INCREMENT;

--
-- AUTO_INCREMENT for table `promotions`
--
ALTER TABLE `promotions`
  MODIFY `id` int UNSIGNED NOT NULL AUTO_INCREMENT, AUTO_INCREMENT=235;

--
-- AUTO_INCREMENT for table `settings`
--
ALTER TABLE `settings`
  MODIFY `id` int UNSIGNED NOT NULL AUTO_INCREMENT, AUTO_INCREMENT=2;

--
-- AUTO_INCREMENT for table `siswa`
--
ALTER TABLE `siswa`
  MODIFY `id` bigint UNSIGNED NOT NULL AUTO_INCREMENT, AUTO_INCREMENT=387;

--
-- AUTO_INCREMENT for table `users`
--
ALTER TABLE `users`
  MODIFY `id` bigint UNSIGNED NOT NULL AUTO_INCREMENT, AUTO_INCREMENT=774;

--
-- Constraints for dumped tables
--

--
-- Constraints for table `guru`
--
ALTER TABLE `guru`
  ADD CONSTRAINT `fk_guru_user` FOREIGN KEY (`user_id`) REFERENCES `users` (`id`) ON DELETE CASCADE,
  ADD CONSTRAINT `guru_id_agama_foreign` FOREIGN KEY (`id_agama`) REFERENCES `agama` (`id`) ON DELETE CASCADE,
  ADD CONSTRAINT `guru_id_mapel_foreign` FOREIGN KEY (`id_mapel`) REFERENCES `mata_pelajaran` (`id`) ON DELETE CASCADE ON UPDATE CASCADE,
  ADD CONSTRAINT `guru_kelas` FOREIGN KEY (`pengampu`) REFERENCES `kelas` (`id`) ON DELETE CASCADE,
  ADD CONSTRAINT `guru_mapel` FOREIGN KEY (`pengampu`) REFERENCES `mata_pelajaran` (`id`) ON DELETE CASCADE;

--
-- Constraints for table `guru_promotions`
--
ALTER TABLE `guru_promotions`
  ADD CONSTRAINT `guru_promotions` FOREIGN KEY (`id_guru`) REFERENCES `guru` (`id`) ON DELETE CASCADE;

--
-- Constraints for table `jadwal_pelajaran`
--
ALTER TABLE `jadwal_pelajaran`
  ADD CONSTRAINT `jadwal_pelajaran_id_guru_foreign` FOREIGN KEY (`id_guru`) REFERENCES `guru` (`id`) ON DELETE CASCADE ON UPDATE CASCADE,
  ADD CONSTRAINT `jadwal_pelajaran_id_kelas_foreign` FOREIGN KEY (`id_kelas`) REFERENCES `kelas` (`id`),
  ADD CONSTRAINT `jadwal_pelajaran_id_mata_pelajaran_foreign` FOREIGN KEY (`id_mata_pelajaran`) REFERENCES `mata_pelajaran` (`id`) ON DELETE CASCADE ON UPDATE CASCADE;

--
-- Constraints for table `nilai`
--
ALTER TABLE `nilai`
  ADD CONSTRAINT `nilai_id_kelas_foreign` FOREIGN KEY (`id_kelas`) REFERENCES `kelas` (`id`) ON DELETE CASCADE,
  ADD CONSTRAINT `nilai_id_mapel_foreign` FOREIGN KEY (`id_mapel`) REFERENCES `mata_pelajaran` (`id`) ON DELETE CASCADE,
  ADD CONSTRAINT `nilai_id_siswa_foreign` FOREIGN KEY (`id_siswa`) REFERENCES `users` (`id`) ON DELETE CASCADE;

--
-- Constraints for table `presensi`
--
ALTER TABLE `presensi`
  ADD CONSTRAINT `presensi_id_kelas_foreign` FOREIGN KEY (`id_kelas`) REFERENCES `kelas` (`id`),
  ADD CONSTRAINT `presensi_id_siswa_foreign` FOREIGN KEY (`id_siswa`) REFERENCES `siswa` (`id`);

--
-- Constraints for table `promotions`
--
ALTER TABLE `promotions`
  ADD CONSTRAINT `kelas_baru_siswa` FOREIGN KEY (`kelas_baru`) REFERENCES `kelas` (`id`) ON DELETE CASCADE,
  ADD CONSTRAINT `kelas_lama_siswa` FOREIGN KEY (`kelas_lama`) REFERENCES `kelas` (`id`) ON DELETE CASCADE,
  ADD CONSTRAINT `promosi_siswa` FOREIGN KEY (`id_siswa`) REFERENCES `siswa` (`id`) ON DELETE CASCADE;

--
-- Constraints for table `siswa`
--
ALTER TABLE `siswa`
  ADD CONSTRAINT `fk_siswa_user` FOREIGN KEY (`user_id`) REFERENCES `users` (`id`) ON DELETE CASCADE,
  ADD CONSTRAINT `siswa_id_agama_foreign` FOREIGN KEY (`id_agama`) REFERENCES `agama` (`id`),
  ADD CONSTRAINT `siswa_id_kelas_foreign` FOREIGN KEY (`id_kelas`) REFERENCES `kelas` (`id`);

--
-- Constraints for table `users`
--
ALTER TABLE `users`
  ADD CONSTRAINT `fk_user_guru` FOREIGN KEY (`id_guru`) REFERENCES `guru` (`id`) ON DELETE CASCADE ON UPDATE CASCADE,
  ADD CONSTRAINT `fk_user_siswa` FOREIGN KEY (`id_siswa`) REFERENCES `siswa` (`id`) ON DELETE CASCADE;
COMMIT;

/*!40101 SET CHARACTER_SET_CLIENT=@OLD_CHARACTER_SET_CLIENT */;
/*!40101 SET CHARACTER_SET_RESULTS=@OLD_CHARACTER_SET_RESULTS */;
/*!40101 SET COLLATION_CONNECTION=@OLD_COLLATION_CONNECTION */;
